INSERT INTO Unidade(UnidadeID, DESCRICAOUNIDADE) VALUES (1, 'un');
INSERT INTO Unidade(UnidadeID, DESCRICAOUNIDADE) VALUES (2, 'm3');
INSERT INTO Unidade(UnidadeID, DESCRICAOUNIDADE) VALUES (3, 'kg');
INSERT INTO Unidade(UnidadeID, DESCRICAOUNIDADE) VALUES (4, 'ha');
INSERT INTO Unidade(UnidadeID, DESCRICAOUNIDADE) VALUES (5, 'm2');

INSERT INTO TipoEdificio(TipoEdificioID, DesignacaoTipoEdificio) VALUES (1, 'Armazém');
INSERT INTO TipoEdificio(TipoEdificioID, DesignacaoTipoEdificio) VALUES (2, 'Garagem');
INSERT INTO TipoEdificio(TipoEdificioID, DesignacaoTipoEdificio) VALUES (3, 'Moinho');
INSERT INTO TipoEdificio(TipoEdificioID, DesignacaoTipoEdificio) VALUES (4, 'Rega');

INSERT INTO Parcela(ParcelaID, Designacao, Area, UnidadeID) VALUES (101, 'Campo da bouça', 1.2, 4 );
INSERT INTO Parcela(ParcelaID, Designacao, Area, UnidadeID) VALUES (102, 'Campo grande', 3, 4 );
INSERT INTO Parcela(ParcelaID, Designacao, Area, UnidadeID) VALUES (103, 'Campo do poço', 1.5, 4 );
INSERT INTO Parcela(ParcelaID, Designacao, Area, UnidadeID) VALUES (104, 'Lameiro da ponte', 0.8, 4 );
INSERT INTO Parcela(ParcelaID, Designacao, Area, UnidadeID) VALUES (105, 'Lameiro do moinho', 1.1, 4 );
INSERT INTO Parcela(ParcelaID, Designacao, Area, UnidadeID) VALUES (106, 'Horta nova', 0.3, 4 );
INSERT INTO Parcela(ParcelaID, Designacao, Area, UnidadeID) VALUES (107, 'Vinha', 2, 4 );

INSERT INTO Edificio(EdificioID, DesignacaoEdificio, Area, TipoEdificioID, UnidadeID) VALUES (201, 'Espigueiro', 600, 1, 5);
INSERT INTO Edificio(EdificioID, DesignacaoEdificio, Area, TipoEdificioID, UnidadeID) VALUES (202, 'Armazém novo', 800, 1, 5);
INSERT INTO Edificio(EdificioID, DesignacaoEdificio, Area, TipoEdificioID, UnidadeID) VALUES (203, 'Armazém grande', 900, 2, 5);
INSERT INTO Edificio(EdificioID, DesignacaoEdificio, Area, TipoEdificioID, UnidadeID) VALUES (250, 'Moinho', 0, 3, '');
INSERT INTO Edificio(EdificioID, DesignacaoEdificio, Area, TipoEdificioID, UnidadeID) VALUES (301, 'Tanque do campo grande', 18, 4, 2);
INSERT INTO Edificio(EdificioID, DesignacaoEdificio, Area, TipoEdificioID, UnidadeID) VALUES (302, 'Poço da bouça', 35, 4, 2);

INSERT INTO TipoCultura(TipoCulturaID, DesignacaoTipoCultura) VALUES (1, 'Permanente');
INSERT INTO TipoCultura(TipoCulturaID, DesignacaoTipoCultura) VALUES (2, 'Temporária');

INSERT INTO EspecieVegetal (EspecieVegetalID, DesignacaoEspecie, NomeComum, TipoCulturaID) VALUES (1, 'Prunus domestica', 'Ameixoeira', 1);
INSERT INTO EspecieVegetal (EspecieVegetalID, DesignacaoEspecie, NomeComum, TipoCulturaID) VALUES (2, 'Prunus armeniaca', 'Damasqueiro', 1);
INSERT INTO EspecieVegetal (EspecieVegetalID, DesignacaoEspecie, NomeComum, TipoCulturaID) VALUES (3, 'Malus domestica', 'Macieira', 1);
INSERT INTO EspecieVegetal (EspecieVegetalID, DesignacaoEspecie, NomeComum, TipoCulturaID) VALUES (4, 'Pyrus pyrifolia', 'Pera Nashi', 1);
INSERT INTO EspecieVegetal (EspecieVegetalID, DesignacaoEspecie, NomeComum, TipoCulturaID) VALUES (5, 'Daucus carota subsp. Sativus', 'Cenoura', 2);
INSERT INTO EspecieVegetal (EspecieVegetalID, DesignacaoEspecie, NomeComum, TipoCulturaID) VALUES (6, 'Lupinus luteus', 'Tremoço', 2);
INSERT INTO EspecieVegetal (EspecieVegetalID, DesignacaoEspecie, NomeComum, TipoCulturaID) VALUES (7, 'Lupinus albus', 'Tremoço', 2);
INSERT INTO EspecieVegetal (EspecieVegetalID, DesignacaoEspecie, NomeComum, TipoCulturaID) VALUES (8, 'Zea mays', 'Milho', 2);
INSERT INTO EspecieVegetal (EspecieVegetalID, DesignacaoEspecie, NomeComum, TipoCulturaID) VALUES (9, 'Brassica rapa', 'Nabo greleiro', 2);
INSERT INTO EspecieVegetal (EspecieVegetalID, DesignacaoEspecie, NomeComum, TipoCulturaID) VALUES (10, 'Olea europaea', 'Oliveira', 1);
INSERT INTO EspecieVegetal (EspecieVegetalID, DesignacaoEspecie, NomeComum, TipoCulturaID) VALUES (11, 'Brassica rapa', 'Nabo', 2);
INSERT INTO EspecieVegetal (EspecieVegetalID, DesignacaoEspecie, NomeComum, TipoCulturaID) VALUES (12, 'Vitis vinifera', 'Videira', 1);

INSERT INTO Cultura(CulturaID, Variedade, EspecieVegetalID, EpocaSementeiraPlantacao, EpocaPoda, EpocaFloracao, EpocaColheita) VALUES (1, 'RAINHA CLAUDIA CARANGUEJEIRA', 1, '', 'Novembro a dezembro', 'Fevereiro a março', 'Julho a agosto');
INSERT INTO Cultura(CulturaID, Variedade, EspecieVegetalID, EpocaSementeiraPlantacao, EpocaPoda, EpocaFloracao, EpocaColheita) VALUES (2, 'PRESIDENT', 1, '', 'Novembro a dezembro', 'Fevereiro a março', 'Julho a agosto');
INSERT INTO Cultura(CulturaID, Variedade, EspecieVegetalID, EpocaSementeiraPlantacao, EpocaPoda, EpocaFloracao, EpocaColheita) VALUES (3, 'STANLEY', 1, '', 'Novembro a dezembro', 'Fevereiro a março', 'Julho a agosto');
INSERT INTO Cultura(CulturaID, Variedade, EspecieVegetalID, EpocaSementeiraPlantacao, EpocaPoda, EpocaFloracao, EpocaColheita) VALUES (4, 'ANGELENO', 1, '', 'Novembro a dezembro', 'Fevereiro a março', 'Julho a agosto');
INSERT INTO Cultura(CulturaID, Variedade, EspecieVegetalID, EpocaSementeiraPlantacao, EpocaPoda, EpocaFloracao, EpocaColheita) VALUES (5, 'BLACK BEAUTY', 1, '', 'Novembro a dezembro', 'Fevereiro a março', 'Julho a agosto');
INSERT INTO Cultura(CulturaID, Variedade, EspecieVegetalID, EpocaSementeiraPlantacao, EpocaPoda, EpocaFloracao, EpocaColheita) VALUES (6, 'BLACK STAR', 1, '', 'Novembro a dezembro', 'Fevereiro a março', 'Julho a agosto');
INSERT INTO Cultura(CulturaID, Variedade, EspecieVegetalID, EpocaSementeiraPlantacao, EpocaPoda, EpocaFloracao, EpocaColheita) VALUES (7, 'BLACK GOLD', 1, '', 'Novembro a dezembro', 'Fevereiro a março', 'Julho a agosto');
INSERT INTO Cultura(CulturaID, Variedade, EspecieVegetalID, EpocaSementeiraPlantacao, EpocaPoda, EpocaFloracao, EpocaColheita) VALUES (8, 'BLACK DIAMOND', 1, '', 'Novembro a dezembro', 'Fevereiro a março', 'Julho a agosto');
INSERT INTO Cultura(CulturaID, Variedade, EspecieVegetalID, EpocaSementeiraPlantacao, EpocaPoda, EpocaFloracao, EpocaColheita) VALUES (9, 'BLACK AMBER', 1, '', 'Novembro a dezembro', 'Fevereiro a março', 'Julho a agosto');
INSERT INTO Cultura(CulturaID, Variedade, EspecieVegetalID, EpocaSementeiraPlantacao, EpocaPoda, EpocaFloracao, EpocaColheita) VALUES (10, 'BLACK SPLENDOR', 1, '', 'Novembro a dezembro', 'Fevereiro a março', 'Julho a agosto');
INSERT INTO Cultura(CulturaID, Variedade, EspecieVegetalID, EpocaSementeiraPlantacao, EpocaPoda, EpocaFloracao, EpocaColheita) VALUES (11, 'FORTUNA', 1, '', 'Novembro a dezembro', 'Fevereiro a março', 'Julho a agosto');
INSERT INTO Cultura(CulturaID, Variedade, EspecieVegetalID, EpocaSementeiraPlantacao, EpocaPoda, EpocaFloracao, EpocaColheita) VALUES (12, 'FRIAR', 1, '', 'Novembro a dezembro', 'Fevereiro a março', 'Julho a agosto');
INSERT INTO Cultura(CulturaID, Variedade, EspecieVegetalID, EpocaSementeiraPlantacao, EpocaPoda, EpocaFloracao, EpocaColheita) VALUES (13, 'EL DORADO', 1, '', 'Novembro a dezembro', 'Fevereiro a março', 'Julho a agosto');
INSERT INTO Cultura(CulturaID, Variedade, EspecieVegetalID, EpocaSementeiraPlantacao, EpocaPoda, EpocaFloracao, EpocaColheita) VALUES (14, 'ELEPHANT HEART', 1, '', 'Novembro a dezembro', 'Fevereiro a março', 'Julho a agosto');
INSERT INTO Cultura(CulturaID, Variedade, EspecieVegetalID, EpocaSementeiraPlantacao, EpocaPoda, EpocaFloracao, EpocaColheita) VALUES (15, 'GOLDEN JAPAN', 1, '', 'Novembro a dezembro', 'Fevereiro a março', 'Julho a agosto');
INSERT INTO Cultura(CulturaID, Variedade, EspecieVegetalID, EpocaSementeiraPlantacao, EpocaPoda, EpocaFloracao, EpocaColheita) VALUES (16, 'HARRY PITCHON', 1, '', 'Novembro a dezembro', 'Fevereiro a março', 'Julho a agosto');
INSERT INTO Cultura(CulturaID, Variedade, EspecieVegetalID, EpocaSementeiraPlantacao, EpocaPoda, EpocaFloracao, EpocaColheita) VALUES (17, 'LAETITIA', 1, '', 'Novembro a dezembro', 'Fevereiro a março', 'Julho a agosto');
INSERT INTO Cultura(CulturaID, Variedade, EspecieVegetalID, EpocaSementeiraPlantacao, EpocaPoda, EpocaFloracao, EpocaColheita) VALUES (18, 'METLEY', 1, '', 'Novembro a dezembro', 'Fevereiro a março', 'Julho a agosto');
INSERT INTO Cultura(CulturaID, Variedade, EspecieVegetalID, EpocaSementeiraPlantacao, EpocaPoda, EpocaFloracao, EpocaColheita) VALUES (19, 'MIRABELLE DE NANCY', 1, '', 'Novembro a dezembro', 'Fevereiro a março', 'Julho a agosto');
INSERT INTO Cultura(CulturaID, Variedade, EspecieVegetalID, EpocaSementeiraPlantacao, EpocaPoda, EpocaFloracao, EpocaColheita) VALUES (20, 'QUEEN ROSE', 1, '', 'Novembro a dezembro', 'Fevereiro a março', 'Julho a agosto');
INSERT INTO Cultura(CulturaID, Variedade, EspecieVegetalID, EpocaSementeiraPlantacao, EpocaPoda, EpocaFloracao, EpocaColheita) VALUES (21, 'RED BEAUT', 1, '', 'Novembro a dezembro', 'Fevereiro a março', 'Julho a agosto');
INSERT INTO Cultura(CulturaID, Variedade, EspecieVegetalID, EpocaSementeiraPlantacao, EpocaPoda, EpocaFloracao, EpocaColheita) VALUES (22, 'SANTA ROSA', 1, '', 'Novembro a dezembro', 'Fevereiro a março', 'Julho a agosto');
INSERT INTO Cultura(CulturaID, Variedade, EspecieVegetalID, EpocaSementeiraPlantacao, EpocaPoda, EpocaFloracao, EpocaColheita) VALUES (23, 'SHIRO', 1, '', 'Novembro a dezembro', 'Fevereiro a março', 'Julho a agosto');
INSERT INTO Cultura(CulturaID, Variedade, EspecieVegetalID, EpocaSementeiraPlantacao, EpocaPoda, EpocaFloracao, EpocaColheita) VALUES (24, 'SUNGOLD', 1, '', 'Novembro a dezembro', 'Fevereiro a março', 'Julho a agosto');
INSERT INTO Cultura(CulturaID, Variedade, EspecieVegetalID, EpocaSementeiraPlantacao, EpocaPoda, EpocaFloracao, EpocaColheita) VALUES (25, 'WILSON PERFECTION', 1, '', 'Novembro a dezembro', 'Fevereiro a março', 'Julho a agosto');
INSERT INTO Cultura(CulturaID, Variedade, EspecieVegetalID, EpocaSementeiraPlantacao, EpocaPoda, EpocaFloracao, EpocaColheita) VALUES (26, 'AUTUMN GIANT', 1, '', 'Novembro a dezembro', 'Fevereiro a março', 'Julho a agosto');
INSERT INTO Cultura(CulturaID, Variedade, EspecieVegetalID, EpocaSementeiraPlantacao, EpocaPoda, EpocaFloracao, EpocaColheita) VALUES (27, 'BULIDA', 2, '', 'Novembro a dezembro', 'Fevereiro a março', 'Julho a agosto');
INSERT INTO Cultura(CulturaID, Variedade, EspecieVegetalID, EpocaSementeiraPlantacao, EpocaPoda, EpocaFloracao, EpocaColheita) VALUES (28, 'CANINO', 2, '', 'Novembro a dezembro', 'Fevereiro a março', 'Julho a agosto');
INSERT INTO Cultura(CulturaID, Variedade, EspecieVegetalID, EpocaSementeiraPlantacao, EpocaPoda, EpocaFloracao, EpocaColheita) VALUES (29, 'LIABAUD', 2, '', 'Novembro a dezembro', 'Fevereiro a março', 'Julho a agosto');
INSERT INTO Cultura(CulturaID, Variedade, EspecieVegetalID, EpocaSementeiraPlantacao, EpocaPoda, EpocaFloracao, EpocaColheita) VALUES (30, 'MAILLOT JAUNE', 2, '', 'Novembro a dezembro', 'Fevereiro a março', 'Julho a agosto');
INSERT INTO Cultura(CulturaID, Variedade, EspecieVegetalID, EpocaSementeiraPlantacao, EpocaPoda, EpocaFloracao, EpocaColheita) VALUES (31, 'POLONAIS', 2, '', 'Novembro a dezembro', 'Fevereiro a março', 'Julho a agosto');
INSERT INTO Cultura(CulturaID, Variedade, EspecieVegetalID, EpocaSementeiraPlantacao, EpocaPoda, EpocaFloracao, EpocaColheita) VALUES (32, 'AKANE', 3, '', 'Novembro a dezembro', 'Março a abril', 'Agosto a setembro');
INSERT INTO Cultura(CulturaID, Variedade, EspecieVegetalID, EpocaSementeiraPlantacao, EpocaPoda, EpocaFloracao, EpocaColheita) VALUES (33, 'BELGOLDEN', 3, '', 'Novembro a dezembro', 'Março a abril', 'Agosto a setembro');
INSERT INTO Cultura(CulturaID, Variedade, EspecieVegetalID, EpocaSementeiraPlantacao, EpocaPoda, EpocaFloracao, EpocaColheita) VALUES (34, 'BRAVO DE ESMOLFE', 3, '', 'Novembro a dezembro', 'Março a abril', 'Agosto a setembro');
INSERT INTO Cultura(CulturaID, Variedade, EspecieVegetalID, EpocaSementeiraPlantacao, EpocaPoda, EpocaFloracao, EpocaColheita) VALUES (35, 'CASA NOVA DE ALCOBAÇA', 3, '', 'Novembro a dezembro', 'Março a abril', 'Agosto a setembro');
INSERT INTO Cultura(CulturaID, Variedade, EspecieVegetalID, EpocaSementeiraPlantacao, EpocaPoda, EpocaFloracao, EpocaColheita) VALUES (36, 'EROVAN', 3, '', 'Novembro a dezembro', 'Março a abril', 'Agosto a setembro');
INSERT INTO Cultura(CulturaID, Variedade, EspecieVegetalID, EpocaSementeiraPlantacao, EpocaPoda, EpocaFloracao, EpocaColheita) VALUES (37, 'FUJI', 3, '', 'Novembro a dezembro', 'Março a abril', 'Agosto a setembro');
INSERT INTO Cultura(CulturaID, Variedade, EspecieVegetalID, EpocaSementeiraPlantacao, EpocaPoda, EpocaFloracao, EpocaColheita) VALUES (38, 'GRANNY SMITH', 3, '', 'Novembro a dezembro', 'Março a abril', 'Agosto a setembro');
INSERT INTO Cultura(CulturaID, Variedade, EspecieVegetalID, EpocaSementeiraPlantacao, EpocaPoda, EpocaFloracao, EpocaColheita) VALUES (39, 'GOLDEN DELICIOUS', 3, '', 'Novembro a dezembro', 'Março a abril', 'Agosto a setembro');
INSERT INTO Cultura(CulturaID, Variedade, EspecieVegetalID, EpocaSementeiraPlantacao, EpocaPoda, EpocaFloracao, EpocaColheita) VALUES (40, 'HI-EARLY', 3, '', 'Novembro a dezembro', 'Março a abril', 'Agosto a setembro');
INSERT INTO Cultura(CulturaID, Variedade, EspecieVegetalID, EpocaSementeiraPlantacao, EpocaPoda, EpocaFloracao, EpocaColheita) VALUES (41, 'JONAGORED', 3, '', 'Novembro a dezembro', 'Março a abril', 'Agosto a setembro');
INSERT INTO Cultura(CulturaID, Variedade, EspecieVegetalID, EpocaSementeiraPlantacao, EpocaPoda, EpocaFloracao, EpocaColheita) VALUES (42, 'LYSGOLDEN', 3, '', 'Novembro a dezembro', 'Março a abril', 'Agosto a setembro');
INSERT INTO Cultura(CulturaID, Variedade, EspecieVegetalID, EpocaSementeiraPlantacao, EpocaPoda, EpocaFloracao, EpocaColheita) VALUES (43, 'MUTSU', 3, '', 'Novembro a dezembro', 'Março a abril', 'Agosto a setembro');
INSERT INTO Cultura(CulturaID, Variedade, EspecieVegetalID, EpocaSementeiraPlantacao, EpocaPoda, EpocaFloracao, EpocaColheita) VALUES (44, 'PORTA DA LOJA', 3, '', 'Janeiro', 'Abril a maio', 'Novembro a dezembro');
INSERT INTO Cultura(CulturaID, Variedade, EspecieVegetalID, EpocaSementeiraPlantacao, EpocaPoda, EpocaFloracao, EpocaColheita) VALUES (45, 'REINETTE OU CANADA', 3, '', 'Novembro a dezembro', 'Março a abril', 'Agosto a setembro');
INSERT INTO Cultura(CulturaID, Variedade, EspecieVegetalID, EpocaSementeiraPlantacao, EpocaPoda, EpocaFloracao, EpocaColheita) VALUES (46, 'REINETTE OU GRAND FAY', 3, '', 'Novembro a dezembro', 'Março a abril', 'Agosto a setembro');
INSERT INTO Cultura(CulturaID, Variedade, EspecieVegetalID, EpocaSementeiraPlantacao, EpocaPoda, EpocaFloracao, EpocaColheita) VALUES (47, 'RISCADINHA DE PALMELA', 3, '', 'Novembro a dezembro', 'Março a abril', 'Agosto a setembro');
INSERT INTO Cultura(CulturaID, Variedade, EspecieVegetalID, EpocaSementeiraPlantacao, EpocaPoda, EpocaFloracao, EpocaColheita) VALUES (48, 'ROYAL GALA', 3, '', 'Novembro a dezembro', 'Março a abril', 'Agosto a setembro');
INSERT INTO Cultura(CulturaID, Variedade, EspecieVegetalID, EpocaSementeiraPlantacao, EpocaPoda, EpocaFloracao, EpocaColheita) VALUES (49, 'REDCHIEF', 3, '', 'Novembro a dezembro', 'Março a abril', 'Agosto a setembro');
INSERT INTO Cultura(CulturaID, Variedade, EspecieVegetalID, EpocaSementeiraPlantacao, EpocaPoda, EpocaFloracao, EpocaColheita) VALUES (50, 'STARKING', 3, '', 'Novembro a dezembro', 'Março a abril', 'Agosto a setembro');
INSERT INTO Cultura(CulturaID, Variedade, EspecieVegetalID, EpocaSementeiraPlantacao, EpocaPoda, EpocaFloracao, EpocaColheita) VALUES (51, 'SUMMER RED', 3, '', 'Novembro a dezembro', 'Março a abril', 'Agosto a setembro');
INSERT INTO Cultura(CulturaID, Variedade, EspecieVegetalID, EpocaSementeiraPlantacao, EpocaPoda, EpocaFloracao, EpocaColheita) VALUES (52, 'WELLSPUR DELICIOUS', 3, '', 'Novembro a dezembro', 'Março a abril', 'Agosto a setembro');
INSERT INTO Cultura(CulturaID, Variedade, EspecieVegetalID, EpocaSementeiraPlantacao, EpocaPoda, EpocaFloracao, EpocaColheita) VALUES (53, 'NOIVA', 3, '', 'Novembro a dezembro', 'Março a abril', 'Agosto a setembro');
INSERT INTO Cultura(CulturaID, Variedade, EspecieVegetalID, EpocaSementeiraPlantacao, EpocaPoda, EpocaFloracao, EpocaColheita) VALUES (54, 'OLHO ABERTO', 3, '', 'Novembro a dezembro', 'Março a abril', 'Agosto a setembro');
INSERT INTO Cultura(CulturaID, Variedade, EspecieVegetalID, EpocaSementeiraPlantacao, EpocaPoda, EpocaFloracao, EpocaColheita) VALUES (55, 'CAMOESA ROSA', 3, '', 'Novembro a dezembro', 'Março a abril', 'Agosto a setembro');
INSERT INTO Cultura(CulturaID, Variedade, EspecieVegetalID, EpocaSementeiraPlantacao, EpocaPoda, EpocaFloracao, EpocaColheita) VALUES (56, 'MALÁPIO', 3, '', 'Novembro a dezembro', 'Março a abril', 'Agosto a setembro');
INSERT INTO Cultura(CulturaID, Variedade, EspecieVegetalID, EpocaSementeiraPlantacao, EpocaPoda, EpocaFloracao, EpocaColheita) VALUES (57, 'GRONHO DOCE', 3, '', 'Novembro a dezembro', 'Março a abril', 'Agosto a setembro');
INSERT INTO Cultura(CulturaID, Variedade, EspecieVegetalID, EpocaSementeiraPlantacao, EpocaPoda, EpocaFloracao, EpocaColheita) VALUES (58, 'PÉ DE BOI ', 3, '', 'Novembro a dezembro', 'Março a abril', 'Agosto a setembro');
INSERT INTO Cultura(CulturaID, Variedade, EspecieVegetalID, EpocaSementeiraPlantacao, EpocaPoda, EpocaFloracao, EpocaColheita) VALUES (59, 'PINOVA', 3, '', 'Novembro a dezembro', 'Março a abril', 'Agosto a setembro');
INSERT INTO Cultura(CulturaID, Variedade, EspecieVegetalID, EpocaSementeiraPlantacao, EpocaPoda, EpocaFloracao, EpocaColheita) VALUES (60, 'PARDO LINDO', 3, '', 'Novembro a dezembro', 'Março a abril', 'Agosto a setembro');
INSERT INTO Cultura(CulturaID, Variedade, EspecieVegetalID, EpocaSementeiraPlantacao, EpocaPoda, EpocaFloracao, EpocaColheita) VALUES (61, 'PIPO DE BASTO', 3, '', 'Novembro a dezembro', 'Março a abril', 'Agosto a setembro');
INSERT INTO Cultura(CulturaID, Variedade, EspecieVegetalID, EpocaSementeiraPlantacao, EpocaPoda, EpocaFloracao, EpocaColheita) VALUES (62, 'PRIMA', 3, '', 'Novembro a dezembro', 'Março a abril', 'Agosto a setembro');
INSERT INTO Cultura(CulturaID, Variedade, EspecieVegetalID, EpocaSementeiraPlantacao, EpocaPoda, EpocaFloracao, EpocaColheita) VALUES (63, 'QUERINA', 3, '', 'Novembro a dezembro', 'Março a abril', 'Agosto a setembro');
INSERT INTO Cultura(CulturaID, Variedade, EspecieVegetalID, EpocaSementeiraPlantacao, EpocaPoda, EpocaFloracao, EpocaColheita) VALUES (64, 'VISTA BELLA', 3, '', 'Novembro a dezembro', 'Março a abril', 'Agosto a setembro');
INSERT INTO Cultura(CulturaID, Variedade, EspecieVegetalID, EpocaSementeiraPlantacao, EpocaPoda, EpocaFloracao, EpocaColheita) VALUES (65, 'GOLDEN SMOOTHEE', 3, '', 'Novembro a dezembro', 'Março a abril', 'Agosto a setembro');
INSERT INTO Cultura(CulturaID, Variedade, EspecieVegetalID, EpocaSementeiraPlantacao, EpocaPoda, EpocaFloracao, EpocaColheita) VALUES (66, 'GOLDEN SUPREMA', 3, '', 'Novembro a dezembro', 'Março a abril', 'Agosto a setembro');
INSERT INTO Cultura(CulturaID, Variedade, EspecieVegetalID, EpocaSementeiraPlantacao, EpocaPoda, EpocaFloracao, EpocaColheita) VALUES (67, 'GLOSTER 69', 3, '', 'Novembro a dezembro', 'Março a abril', 'Agosto a setembro');
INSERT INTO Cultura(CulturaID, Variedade, EspecieVegetalID, EpocaSementeiraPlantacao, EpocaPoda, EpocaFloracao, EpocaColheita) VALUES (68, 'FREEDOM', 3, '', 'Novembro a dezembro', 'Março a abril', 'Agosto a setembro');
INSERT INTO Cultura(CulturaID, Variedade, EspecieVegetalID, EpocaSementeiraPlantacao, EpocaPoda, EpocaFloracao, EpocaColheita) VALUES (69, 'SNINSEIKI', 4, '', '', '', '');
INSERT INTO Cultura(CulturaID, Variedade, EspecieVegetalID, EpocaSementeiraPlantacao, EpocaPoda, EpocaFloracao, EpocaColheita) VALUES (70, 'KUMOI', 4, '', '', '', '');
INSERT INTO Cultura(CulturaID, Variedade, EspecieVegetalID, EpocaSementeiraPlantacao, EpocaPoda, EpocaFloracao, EpocaColheita) VALUES (71, 'HOSUI', 4, '', '', '', '');
INSERT INTO Cultura(CulturaID, Variedade, EspecieVegetalID, EpocaSementeiraPlantacao, EpocaPoda, EpocaFloracao, EpocaColheita) VALUES (72, 'NIJISSEIKI', 4, '', '', '', '');
INSERT INTO Cultura(CulturaID, Variedade, EspecieVegetalID, EpocaSementeiraPlantacao, EpocaPoda, EpocaFloracao, EpocaColheita) VALUES (73, 'Carson Hybrid', 5, '', '', '', '80 dias');
INSERT INTO Cultura(CulturaID, Variedade, EspecieVegetalID, EpocaSementeiraPlantacao, EpocaPoda, EpocaFloracao, EpocaColheita) VALUES (74, 'Red Cored Chantenay', 5, '', '', '', '80 dias');
INSERT INTO Cultura(CulturaID, Variedade, EspecieVegetalID, EpocaSementeiraPlantacao, EpocaPoda, EpocaFloracao, EpocaColheita) VALUES (75, 'Danvers Half Long', 5, '', '', '', '80 dias');
INSERT INTO Cultura(CulturaID, Variedade, EspecieVegetalID, EpocaSementeiraPlantacao, EpocaPoda, EpocaFloracao, EpocaColheita) VALUES (76, 'Imperator 58', 5, '', '', '', '80 dias');
INSERT INTO Cultura(CulturaID, Variedade, EspecieVegetalID, EpocaSementeiraPlantacao, EpocaPoda, EpocaFloracao, EpocaColheita) VALUES (77, 'Sugarsnax Hybrid', 5, '', '', '', '80 dias');
INSERT INTO Cultura(CulturaID, Variedade, EspecieVegetalID, EpocaSementeiraPlantacao, EpocaPoda, EpocaFloracao, EpocaColheita) VALUES (78, 'Nelson Hybrid', 5, '', '', '', '80 dias');
INSERT INTO Cultura(CulturaID, Variedade, EspecieVegetalID, EpocaSementeiraPlantacao, EpocaPoda, EpocaFloracao, EpocaColheita) VALUES (79, 'Scarlet Nantes', 5, '', '', '', '80 dias');
INSERT INTO Cultura(CulturaID, Variedade, EspecieVegetalID, EpocaSementeiraPlantacao, EpocaPoda, EpocaFloracao, EpocaColheita) VALUES (80, 'Amarelo', 6, '', '', '', '');
INSERT INTO Cultura(CulturaID, Variedade, EspecieVegetalID, EpocaSementeiraPlantacao, EpocaPoda, EpocaFloracao, EpocaColheita) VALUES (81, 'Branco', 7, '', '', '', '');
INSERT INTO Cultura(CulturaID, Variedade, EspecieVegetalID, EpocaSementeiraPlantacao, EpocaPoda, EpocaFloracao, EpocaColheita) VALUES (82, 'MAS 24.C', 8, 'Abril a junho', '', '', 'Julho a setembro');
INSERT INTO Cultura(CulturaID, Variedade, EspecieVegetalID, EpocaSementeiraPlantacao, EpocaPoda, EpocaFloracao, EpocaColheita) VALUES (83, 'Doce Golden Bantam', 8, 'Abril a junho', '', '', 'Julho a setembro');
INSERT INTO Cultura(CulturaID, Variedade, EspecieVegetalID, EpocaSementeiraPlantacao, EpocaPoda, EpocaFloracao, EpocaColheita) VALUES (84, 'Senhora Conceição', 9, 'Março a setembro', '', '', 'Junho a fevereiro');
INSERT INTO Cultura(CulturaID, Variedade, EspecieVegetalID, EpocaSementeiraPlantacao, EpocaPoda, EpocaFloracao, EpocaColheita) VALUES (85, 'COBRANÇOSA', 10, '', '', '', 'Outubro a novembro');
INSERT INTO Cultura(CulturaID, Variedade, EspecieVegetalID, EpocaSementeiraPlantacao, EpocaPoda, EpocaFloracao, EpocaColheita) VALUES (86, 'ARBEQUINA', 10, '', '', '', 'Outubro a novembro');
INSERT INTO Cultura(CulturaID, Variedade, EspecieVegetalID, EpocaSementeiraPlantacao, EpocaPoda, EpocaFloracao, EpocaColheita) VALUES (87, 'HOJIBLANCA', 10, '', '', '', 'Outubro a novembro');
INSERT INTO Cultura(CulturaID, Variedade, EspecieVegetalID, EpocaSementeiraPlantacao, EpocaPoda, EpocaFloracao, EpocaColheita) VALUES (88, 'NEGRINHA DO FREIXO', 10, '', '', '', 'Outubro a novembro');
INSERT INTO Cultura(CulturaID, Variedade, EspecieVegetalID, EpocaSementeiraPlantacao, EpocaPoda, EpocaFloracao, EpocaColheita) VALUES (89, 'PICUAL', 10, '', '', '', 'Outubro a novembro');
INSERT INTO Cultura(CulturaID, Variedade, EspecieVegetalID, EpocaSementeiraPlantacao, EpocaPoda, EpocaFloracao, EpocaColheita) VALUES (90, 'MAÇANILHA', 10, '', '', '', 'Outubro a novembro');
INSERT INTO Cultura(CulturaID, Variedade, EspecieVegetalID, EpocaSementeiraPlantacao, EpocaPoda, EpocaFloracao, EpocaColheita) VALUES (91, 'CONSERVA DE ELVAS', 10, '', '', '', 'Outubro a novembro');
INSERT INTO Cultura(CulturaID, Variedade, EspecieVegetalID, EpocaSementeiraPlantacao, EpocaPoda, EpocaFloracao, EpocaColheita) VALUES (92, 'Galega', 10, '', '', '', 'Outubro a novembro');
INSERT INTO Cultura(CulturaID, Variedade, EspecieVegetalID, EpocaSementeiraPlantacao, EpocaPoda, EpocaFloracao, EpocaColheita) VALUES (93, 'S. Cosme', 11, 'Fevereiro a abril, agosto a outubro', '', '', '90 dias');
INSERT INTO Cultura(CulturaID, Variedade, EspecieVegetalID, EpocaSementeiraPlantacao, EpocaPoda, EpocaFloracao, EpocaColheita) VALUES (94, 'Dona Maria', 12, '', 'Dezembro a janeiro', 'Maio', 'Junho a agosto');
INSERT INTO Cultura(CulturaID, Variedade, EspecieVegetalID, EpocaSementeiraPlantacao, EpocaPoda, EpocaFloracao, EpocaColheita) VALUES (95, 'Cardinal', 12, '', 'Dezembro a janeiro', 'Maio', 'Junho a agosto');
INSERT INTO Cultura(CulturaID, Variedade, EspecieVegetalID, EpocaSementeiraPlantacao, EpocaPoda, EpocaFloracao, EpocaColheita) VALUES (96, 'Macieira', 3, '', 'Novembro a dezembro', 'Março a abril', 'Agosto a setembro');
INSERT INTO Cultura(CulturaID, Variedade, EspecieVegetalID, EpocaSementeiraPlantacao, EpocaPoda, EpocaFloracao, EpocaColheita) VALUES (97, 'Videira', 12, '', 'Dezembro a janeiro', 'Maio', 'Junho a agosto');

INSERT INTO Fabricante(FabricanteID, DesignacaoFabricante) VALUES (1, 'ASCENZA');
INSERT INTO Fabricante(FabricanteID, DesignacaoFabricante) VALUES (2, 'Bayer');
INSERT INTO Fabricante(FabricanteID, DesignacaoFabricante) VALUES (3, 'K+S');
INSERT INTO Fabricante(FabricanteID, DesignacaoFabricante) VALUES (4, 'Biocal');

INSERT INTO Formato(FormatoID, DescricaoFormato) VALUES (1, 'Pó molhável');
INSERT INTO Formato(FormatoID, DescricaoFormato) VALUES (2, 'Granulado');
INSERT INTO Formato(FormatoID, DescricaoFormato) VALUES (3, 'Pó');
INSERT INTO Formato(FormatoID, DescricaoFormato) VALUES (4, 'Liquido');
INSERT INTO Formato(FormatoID, DescricaoFormato) VALUES (5, 'Emulsão de óleo em água');

INSERT INTO TipoFatorProducao(TipoFatorProducaoID, DescricaoTipoFatorProducao) VALUES (1, 'Fitofármaco');
INSERT INTO TipoFatorProducao(TipoFatorProducaoID, DescricaoTipoFatorProducao) VALUES (2, 'Adubo');
INSERT INTO TipoFatorProducao(TipoFatorProducaoID, DescricaoTipoFatorProducao) VALUES (3, 'Corretor');

INSERT INTO Elemento(ElementoID, Nome) VALUES (1, 'CU');
INSERT INTO Elemento(ElementoID, Nome) VALUES (2, 'S');
INSERT INTO Elemento(ElementoID, Nome) VALUES (3, 'K');
INSERT INTO Elemento(ElementoID, Nome) VALUES (4, 'Mg');
INSERT INTO Elemento(ElementoID, Nome) VALUES (5, 'CaCO3');
INSERT INTO Elemento(ElementoID, Nome) VALUES (6, 'Bacillus pumilus');
INSERT INTO Elemento(ElementoID, Nome) VALUES (7, 'Ácidos gordos (na forma de sais de potássio)');
INSERT INTO Elemento(ElementoID, Nome) VALUES (8, 'Terpenóides');
INSERT INTO Elemento(ElementoID, Nome) VALUES (9, 'MgCO3');
INSERT INTO Elemento(ElementoID, Nome) VALUES (10, 'Mn');
INSERT INTO Elemento(ElementoID, Nome) VALUES (11, 'MgO');
INSERT INTO Elemento(ElementoID, Nome) VALUES (12, 'B');

INSERT INTO FatorProducao(FatorProducaoID, NomeComercial, FabricanteID, FormatoID, TipoFatorProducaoID) VALUES (1, 'Calda Bordalesa ASCENZA', 1, 1, 1);
INSERT INTO FatorProducao(FatorProducaoID, NomeComercial, FabricanteID, FormatoID, TipoFatorProducaoID) VALUES (2, 'Enxofre Bayer 80 WG', 2, 1, 1);
INSERT INTO FatorProducao(FatorProducaoID, NomeComercial, FabricanteID, FormatoID, TipoFatorProducaoID) VALUES (3, 'Patentkali', 3, 2, 2);
INSERT INTO FatorProducao(FatorProducaoID, NomeComercial, FabricanteID, FormatoID, TipoFatorProducaoID) VALUES (4, 'ESTA Kieserit', 3, 2, 2);
INSERT INTO FatorProducao(FatorProducaoID, NomeComercial, FabricanteID, FormatoID, TipoFatorProducaoID) VALUES (5, 'EPSO Microtop', 3, 2, 2);
INSERT INTO FatorProducao(FatorProducaoID, NomeComercial, FabricanteID, FormatoID, TipoFatorProducaoID) VALUES (6, 'EPSO Top', 3, 2, 2);
INSERT INTO FatorProducao(FatorProducaoID, NomeComercial, FabricanteID, FormatoID, TipoFatorProducaoID) VALUES (7, 'Biocal CaCo3', 4, 2, 3);
INSERT INTO FatorProducao(FatorProducaoID, NomeComercial, FabricanteID, FormatoID, TipoFatorProducaoID) VALUES (8, 'Biocal Composto', 4, 3, 3);
INSERT INTO FatorProducao(FatorProducaoID, NomeComercial, FabricanteID, FormatoID, TipoFatorProducaoID) VALUES (9, 'Sonata', 2, 4, 1);
INSERT INTO FatorProducao(FatorProducaoID, NomeComercial, FabricanteID, FormatoID, TipoFatorProducaoID) VALUES (10, 'FLiPPER ', 2, 5, 1);
INSERT INTO FatorProducao(FatorProducaoID, NomeComercial, FabricanteID, FormatoID, TipoFatorProducaoID) VALUES (11, 'Requiem Prime', 2, 4, 1);

INSERT INTO FatorProducao_Elemento(ElementoID, FatorProducaoID, Quantidade) VALUES (1, 1, 0.2);
INSERT INTO FatorProducao_Elemento(ElementoID, FatorProducaoID, Quantidade) VALUES (2, 2, 0.8);
INSERT INTO FatorProducao_Elemento(ElementoID, FatorProducaoID, Quantidade) VALUES (3, 3, 0.249);
INSERT INTO FatorProducao_Elemento(ElementoID, FatorProducaoID, Quantidade) VALUES (4, 4, 0.151);
INSERT INTO FatorProducao_Elemento(ElementoID, FatorProducaoID, Quantidade) VALUES (4, 5, 0.09);
INSERT INTO FatorProducao_Elemento(ElementoID, FatorProducaoID, Quantidade) VALUES (4, 6, 0.096);
INSERT INTO FatorProducao_Elemento(ElementoID, FatorProducaoID, Quantidade) VALUES (5, 7, 0.882);
INSERT INTO FatorProducao_Elemento(ElementoID, FatorProducaoID, Quantidade) VALUES (5, 8, 0.717);
INSERT INTO FatorProducao_Elemento(ElementoID, FatorProducaoID, Quantidade) VALUES (6, 9, 0.9774);
INSERT INTO FatorProducao_Elemento(ElementoID, FatorProducaoID, Quantidade) VALUES (7, 10, 0.478);
INSERT INTO FatorProducao_Elemento(ElementoID, FatorProducaoID, Quantidade) VALUES (8, 11, 0.1442);
INSERT INTO FatorProducao_Elemento(ElementoID, FatorProducaoID, Quantidade) VALUES (4, 3, 0.06);
INSERT INTO FatorProducao_Elemento(ElementoID, FatorProducaoID, Quantidade) VALUES (2, 5, 0.208);
INSERT INTO FatorProducao_Elemento(ElementoID, FatorProducaoID, Quantidade) VALUES (2, 7, 0.124);
INSERT INTO FatorProducao_Elemento(ElementoID, FatorProducaoID, Quantidade) VALUES (2, 9, 0.13);
INSERT INTO FatorProducao_Elemento(ElementoID, FatorProducaoID, Quantidade) VALUES (9, 11, 0.019);
INSERT INTO FatorProducao_Elemento(ElementoID, FatorProducaoID, Quantidade) VALUES (9, 8, 0.148);
INSERT INTO FatorProducao_Elemento(ElementoID, FatorProducaoID, Quantidade) VALUES (2, 3, 0.176);
INSERT INTO FatorProducao_Elemento(ElementoID, FatorProducaoID, Quantidade) VALUES (12, 5, 0.009);
INSERT INTO FatorProducao_Elemento(ElementoID, FatorProducaoID, Quantidade) VALUES (11, 8, 0.079);
INSERT INTO FatorProducao_Elemento(ElementoID, FatorProducaoID, Quantidade) VALUES (10, 5, 0.01);

INSERT INTO ViaAplicacao(ViaAplicacaoID, DesignacaoViaAplicacao) VALUES (1, 'Fungicida');
INSERT INTO ViaAplicacao(ViaAplicacaoID, DesignacaoViaAplicacao) VALUES (2, 'Adubo solo');
INSERT INTO ViaAplicacao(ViaAplicacaoID, DesignacaoViaAplicacao) VALUES (3, 'Adubo foliar');
INSERT INTO ViaAplicacao(ViaAplicacaoID, DesignacaoViaAplicacao) VALUES (4, 'Fertirrega');
INSERT INTO ViaAplicacao(ViaAplicacaoID, DesignacaoViaAplicacao) VALUES (5, 'Adubo foliar');
INSERT INTO ViaAplicacao(ViaAplicacaoID, DesignacaoViaAplicacao) VALUES (6, 'Correção solo');
INSERT INTO ViaAplicacao(ViaAplicacaoID, DesignacaoViaAplicacao) VALUES (7, 'Insecticida');

INSERT INTO ViaAplicacao_FatorProducao(ViaAplicacaoID, FatorProducaoID) VALUES (1, 1);
INSERT INTO ViaAplicacao_FatorProducao(ViaAplicacaoID, FatorProducaoID) VALUES (1, 2);
INSERT INTO ViaAplicacao_FatorProducao(ViaAplicacaoID, FatorProducaoID) VALUES (2, 3);
INSERT INTO ViaAplicacao_FatorProducao(ViaAplicacaoID, FatorProducaoID) VALUES (2, 4);
INSERT INTO ViaAplicacao_FatorProducao(ViaAplicacaoID, FatorProducaoID) VALUES (3, 5);
INSERT INTO ViaAplicacao_FatorProducao(ViaAplicacaoID, FatorProducaoID) VALUES (3, 6);
INSERT INTO ViaAplicacao_FatorProducao(ViaAplicacaoID, FatorProducaoID) VALUES (6, 7);
INSERT INTO ViaAplicacao_FatorProducao(ViaAplicacaoID, FatorProducaoID) VALUES (6, 8);
INSERT INTO ViaAplicacao_FatorProducao(ViaAplicacaoID, FatorProducaoID) VALUES (1, 9);
INSERT INTO ViaAplicacao_FatorProducao(ViaAplicacaoID, FatorProducaoID) VALUES (7, 10);
INSERT INTO ViaAplicacao_FatorProducao(ViaAplicacaoID, FatorProducaoID) VALUES (7, 11);
INSERT INTO ViaAplicacao_FatorProducao(ViaAplicacaoID, FatorProducaoID) VALUES (4, 5);

INSERT INTO Cultivo(CultivoID, CulturaID, ParcelaID, DataInicio, DataFim, Quantidade, UnidadeID) VALUES (1, 80, 101,TO_DATE('10/10/2020','dd/mm/yyyy'), TO_DATE('30/03/2021', 'dd/mm/yyyy'), 1.1, 4);
INSERT INTO Cultivo(CultivoID, CulturaID, ParcelaID, DataInicio, DataFim, Quantidade, UnidadeID) VALUES (2, 83, 101,TO_DATE('10/04/2021','dd/mm/yyyy'), TO_DATE('12/08/2021', 'dd/mm/yyyy'), 0.9, 4);
INSERT INTO Cultivo(CultivoID, CulturaID, ParcelaID, DataInicio, DataFim, Quantidade, UnidadeID) VALUES (3, 80, 101,TO_DATE('03/10/2021','dd/mm/yyyy'), TO_DATE('05/04/2022', 'dd/mm/yyyy'), 1.1, 4);
INSERT INTO Cultivo(CultivoID, CulturaID, ParcelaID, DataInicio, DataFim, Quantidade, UnidadeID) VALUES (4, 83, 101,TO_DATE('15/04/2022','dd/mm/yyyy'), TO_DATE('21/08/2022', 'dd/mm/yyyy'), 0.9, 4);
INSERT INTO Cultivo(CultivoID, CulturaID, ParcelaID, DataInicio, DataFim, Quantidade, UnidadeID) VALUES (5, 82, 103,TO_DATE('05/04/2020','dd/mm/yyyy'), TO_DATE('20/08/2020', 'dd/mm/yyyy'), 1.2, 4);
INSERT INTO Cultivo(CultivoID, CulturaID, ParcelaID, DataInicio, DataFim, Quantidade, UnidadeID) VALUES (6, 80, 103,TO_DATE('12/10/2020','dd/mm/yyyy'), TO_DATE('15/03/2021', 'dd/mm/yyyy'), 1.3, 4);
INSERT INTO Cultivo(CultivoID, CulturaID, ParcelaID, DataInicio, DataFim, Quantidade, UnidadeID) VALUES (7, 82, 103,TO_DATE('03/04/2021','dd/mm/yyyy'), TO_DATE('25/08/2021', 'dd/mm/yyyy'), 1.2, 4);
INSERT INTO Cultivo(CultivoID, CulturaID, ParcelaID, DataInicio, DataFim, Quantidade, UnidadeID) VALUES (8, 80, 103,TO_DATE('06/10/2021','dd/mm/yyyy'), TO_DATE('19/03/2022', 'dd/mm/yyyy'), 1.3, 4);
INSERT INTO Cultivo(CultivoID, CulturaID, ParcelaID, DataInicio, DataFim, Quantidade, UnidadeID) VALUES (9, 82, 103,TO_DATE('08/04/2022','dd/mm/yyyy'), TO_DATE('18/08/2022', 'dd/mm/yyyy'), 1.2, 4);
INSERT INTO Cultivo(CultivoID, CulturaID, ParcelaID, DataInicio, DataFim, Quantidade, UnidadeID) VALUES (10, 80, 103,TO_DATE('12/10/2022','dd/mm/yyyy'), TO_DATE('20/03/2023', 'dd/mm/yyyy'), 1.3, 4);
INSERT INTO Cultivo(CultivoID, CulturaID, ParcelaID, DataInicio, DataFim, Quantidade, UnidadeID) VALUES (11, 92, 102,TO_DATE('06/10/2016','dd/mm/yyyy'), TO_DATE('', 'dd/mm/yyyy'), 30, 1);
INSERT INTO Cultivo(CultivoID, CulturaID, ParcelaID, DataInicio, DataFim, Quantidade, UnidadeID) VALUES (12, 89, 102,TO_DATE('10/10/2016','dd/mm/yyyy'), TO_DATE('', 'dd/mm/yyyy'), 20, 1);
INSERT INTO Cultivo(CultivoID, CulturaID, ParcelaID, DataInicio, DataFim, Quantidade, UnidadeID) VALUES (13, 79, 106,TO_DATE('10/03/2020','dd/mm/yyyy'), TO_DATE('15/05/2020', 'dd/mm/yyyy'), 0.15, 4);
INSERT INTO Cultivo(CultivoID, CulturaID, ParcelaID, DataInicio, DataFim, Quantidade, UnidadeID) VALUES (14, 78, 106,TO_DATE('02/06/2020','dd/mm/yyyy'), TO_DATE('08/09/2020', 'dd/mm/yyyy'), 0.1, 4);
INSERT INTO Cultivo(CultivoID, CulturaID, ParcelaID, DataInicio, DataFim, Quantidade, UnidadeID) VALUES (15, 93, 106,TO_DATE('20/09/2020','dd/mm/yyyy'), TO_DATE('10/01/2021', 'dd/mm/yyyy'), 0.2, 4);
INSERT INTO Cultivo(CultivoID, CulturaID, ParcelaID, DataInicio, DataFim, Quantidade, UnidadeID) VALUES (16, 77, 106,TO_DATE('10/03/2021','dd/mm/yyyy'), TO_DATE('15/05/2021', 'dd/mm/yyyy'), 0.15, 4);
INSERT INTO Cultivo(CultivoID, CulturaID, ParcelaID, DataInicio, DataFim, Quantidade, UnidadeID) VALUES (17, 75, 106,TO_DATE('02/06/2021','dd/mm/yyyy'), TO_DATE('08/09/2021', 'dd/mm/yyyy'), 0.1, 4);
INSERT INTO Cultivo(CultivoID, CulturaID, ParcelaID, DataInicio, DataFim, Quantidade, UnidadeID) VALUES (18, 93, 106,TO_DATE('20/09/2021','dd/mm/yyyy'), TO_DATE('10/01/2022', 'dd/mm/yyyy'), 0.2, 4);
INSERT INTO Cultivo(CultivoID, CulturaID, ParcelaID, DataInicio, DataFim, Quantidade, UnidadeID) VALUES (19, 77, 106,TO_DATE('06/03/2022','dd/mm/yyyy'), TO_DATE('16/05/2022', 'dd/mm/yyyy'), 0.15, 4);
INSERT INTO Cultivo(CultivoID, CulturaID, ParcelaID, DataInicio, DataFim, Quantidade, UnidadeID) VALUES (20, 78, 106,TO_DATE('30/05/2022','dd/mm/yyyy'), TO_DATE('05/09/2022', 'dd/mm/yyyy'), 0.15, 4);
INSERT INTO Cultivo(CultivoID, CulturaID, ParcelaID, DataInicio, DataFim, Quantidade, UnidadeID) VALUES (21, 84, 106,TO_DATE('20/09/2022','dd/mm/yyyy'), TO_DATE('14/01/2023', 'dd/mm/yyyy'), 0.25, 4);
INSERT INTO Cultivo(CultivoID, CulturaID, ParcelaID, DataInicio, DataFim, Quantidade, UnidadeID) VALUES (22, 41, 104,TO_DATE('07/01/2017','dd/mm/yyyy'), TO_DATE('', 'dd/mm/yyyy'), 90, 1);
INSERT INTO Cultivo(CultivoID, CulturaID, ParcelaID, DataInicio, DataFim, Quantidade, UnidadeID) VALUES (23, 37, 104,TO_DATE('08/01/2017','dd/mm/yyyy'), TO_DATE('', 'dd/mm/yyyy'), 60, 1);
INSERT INTO Cultivo(CultivoID, CulturaID, ParcelaID, DataInicio, DataFim, Quantidade, UnidadeID) VALUES (24, 48, 104,TO_DATE('08/01/2017','dd/mm/yyyy'), TO_DATE('', 'dd/mm/yyyy'), 40, 1);
INSERT INTO Cultivo(CultivoID, CulturaID, ParcelaID, DataInicio, DataFim, Quantidade, UnidadeID) VALUES (25, 48, 104,TO_DATE('10/12/2018','dd/mm/yyyy'), TO_DATE('', 'dd/mm/yyyy'), 30, 1);
INSERT INTO Cultivo(CultivoID, CulturaID, ParcelaID, DataInicio, DataFim, Quantidade, UnidadeID) VALUES (26, 94, 107,TO_DATE('10/01/2018','dd/mm/yyyy'), TO_DATE('', 'dd/mm/yyyy'), 500, 1);
INSERT INTO Cultivo(CultivoID, CulturaID, ParcelaID, DataInicio, DataFim, Quantidade, UnidadeID) VALUES (27, 95, 107,TO_DATE('11/01/2018','dd/mm/yyyy'), TO_DATE('', 'dd/mm/yyyy'), 700, 1);

INSERT INTO TipoOperacao(TipoOperacaoID, DesignacaoTipoOperacao) VALUES (1, 'Plantação');
INSERT INTO TipoOperacao(TipoOperacaoID, DesignacaoTipoOperacao) VALUES (2, 'Rega');
INSERT INTO TipoOperacao(TipoOperacaoID, DesignacaoTipoOperacao) VALUES (3, 'Poda');
INSERT INTO TipoOperacao(TipoOperacaoID, DesignacaoTipoOperacao) VALUES (4, 'Fertilização');
INSERT INTO TipoOperacao(TipoOperacaoID, DesignacaoTipoOperacao) VALUES (5, 'Aplicação fitofármaco');
INSERT INTO TipoOperacao(TipoOperacaoID, DesignacaoTipoOperacao) VALUES (6, 'Sementeira');
INSERT INTO TipoOperacao(TipoOperacaoID, DesignacaoTipoOperacao) VALUES (7, 'Colheita');
INSERT INTO TipoOperacao(TipoOperacaoID, DesignacaoTipoOperacao) VALUES (8, 'Incorporação no solo');

INSERT INTO Operacao(OperacaoID, CulturaID, ParcelaID, TipoOperacaoID, DataRealizacao, Quantidade, UnidadeID, FatorProducaoID) VALUES (1, 92, 102, 1,TO_DATE('06/10/2016','dd/mm/yyyy'), 30, 1, null);
INSERT INTO Operacao(OperacaoID, CulturaID, ParcelaID, TipoOperacaoID, DataRealizacao, Quantidade, UnidadeID, FatorProducaoID) VALUES (2, 89, 102, 1,TO_DATE('10/10/2016','dd/mm/yyyy'), 20, 1, null);
INSERT INTO Operacao(OperacaoID, CulturaID, ParcelaID, TipoOperacaoID, DataRealizacao, Quantidade, UnidadeID, FatorProducaoID) VALUES (3, 41, 104, 1,TO_DATE('07/01/2017','dd/mm/yyyy'), 90, 1, null);
INSERT INTO Operacao(OperacaoID, CulturaID, ParcelaID, TipoOperacaoID, DataRealizacao, Quantidade, UnidadeID, FatorProducaoID) VALUES (4, 37, 104, 1,TO_DATE('08/01/2017','dd/mm/yyyy'), 60, 1, null);
INSERT INTO Operacao(OperacaoID, CulturaID, ParcelaID, TipoOperacaoID, DataRealizacao, Quantidade, UnidadeID, FatorProducaoID) VALUES (5, 48, 104, 1,TO_DATE('08/01/2017','dd/mm/yyyy'), 40, 1, null);
INSERT INTO Operacao(OperacaoID, CulturaID, ParcelaID, TipoOperacaoID, DataRealizacao, Quantidade, UnidadeID, FatorProducaoID) VALUES (6, 89, 102, 2,TO_DATE('03/07/2017','dd/mm/yyyy'), 0.4, 2, null);
INSERT INTO Operacao(OperacaoID, CulturaID, ParcelaID, TipoOperacaoID, DataRealizacao, Quantidade, UnidadeID, FatorProducaoID) VALUES (7, 92, 102, 2,TO_DATE('03/07/2017','dd/mm/yyyy'), 0.9, 2, null);
INSERT INTO Operacao(OperacaoID, CulturaID, ParcelaID, TipoOperacaoID, DataRealizacao, Quantidade, UnidadeID, FatorProducaoID) VALUES (8, 96, 104, 2,TO_DATE('10/07/2017','dd/mm/yyyy'), 3, 2, null);
INSERT INTO Operacao(OperacaoID, CulturaID, ParcelaID, TipoOperacaoID, DataRealizacao, Quantidade, UnidadeID, FatorProducaoID) VALUES (9, 89, 102, 2,TO_DATE('10/08/2017','dd/mm/yyyy'), 0.4, 2, null);
INSERT INTO Operacao(OperacaoID, CulturaID, ParcelaID, TipoOperacaoID, DataRealizacao, Quantidade, UnidadeID, FatorProducaoID) VALUES (10, 92, 102, 2,TO_DATE('10/08/2017','dd/mm/yyyy'), 0.9, 2, null);
INSERT INTO Operacao(OperacaoID, CulturaID, ParcelaID, TipoOperacaoID, DataRealizacao, Quantidade, UnidadeID, FatorProducaoID) VALUES (11, 96, 104, 2,TO_DATE('10/08/2017','dd/mm/yyyy'), 3.5, 2, null);
INSERT INTO Operacao(OperacaoID, CulturaID, ParcelaID, TipoOperacaoID, DataRealizacao, Quantidade, UnidadeID, FatorProducaoID) VALUES (12, 96, 104, 2,TO_DATE('10/09/2017','dd/mm/yyyy'), 3, 2, null);
INSERT INTO Operacao(OperacaoID, CulturaID, ParcelaID, TipoOperacaoID, DataRealizacao, Quantidade, UnidadeID, FatorProducaoID) VALUES (13, 92, 102, 3,TO_DATE('04/11/2017','dd/mm/yyyy'), 30, 1, null);
INSERT INTO Operacao(OperacaoID, CulturaID, ParcelaID, TipoOperacaoID, DataRealizacao, Quantidade, UnidadeID, FatorProducaoID) VALUES (14, 89, 102, 3,TO_DATE('04/11/2017','dd/mm/yyyy'), 20, 1, null);
INSERT INTO Operacao(OperacaoID, CulturaID, ParcelaID, TipoOperacaoID, DataRealizacao, Quantidade, UnidadeID, FatorProducaoID) VALUES (15, 92, 102, 4,TO_DATE('10/12/2017','dd/mm/yyyy'), 15, 3, 3);
INSERT INTO Operacao(OperacaoID, CulturaID, ParcelaID, TipoOperacaoID, DataRealizacao, Quantidade, UnidadeID, FatorProducaoID) VALUES (16, 89, 102, 4,TO_DATE('10/12/2017','dd/mm/yyyy'), 10, 3, 3);
INSERT INTO Operacao(OperacaoID, CulturaID, ParcelaID, TipoOperacaoID, DataRealizacao, Quantidade, UnidadeID, FatorProducaoID) VALUES (17, 41, 104, 3,TO_DATE('07/01/2018','dd/mm/yyyy'), 90, 1, null);
INSERT INTO Operacao(OperacaoID, CulturaID, ParcelaID, TipoOperacaoID, DataRealizacao, Quantidade, UnidadeID, FatorProducaoID) VALUES (18, 37, 104, 3,TO_DATE('08/01/2018','dd/mm/yyyy'), 60, 1, null);
INSERT INTO Operacao(OperacaoID, CulturaID, ParcelaID, TipoOperacaoID, DataRealizacao, Quantidade, UnidadeID, FatorProducaoID) VALUES (19, 48, 104, 3,TO_DATE('08/01/2018','dd/mm/yyyy'), 40, 1, null);
INSERT INTO Operacao(OperacaoID, CulturaID, ParcelaID, TipoOperacaoID, DataRealizacao, Quantidade, UnidadeID, FatorProducaoID) VALUES (20, 94, 107, 1,TO_DATE('10/01/2018','dd/mm/yyyy'), 500, 1, null);
INSERT INTO Operacao(OperacaoID, CulturaID, ParcelaID, TipoOperacaoID, DataRealizacao, Quantidade, UnidadeID, FatorProducaoID) VALUES (21, 95, 107, 1,TO_DATE('11/01/2018','dd/mm/yyyy'), 700, 1, null);
INSERT INTO Operacao(OperacaoID, CulturaID, ParcelaID, TipoOperacaoID, DataRealizacao, Quantidade, UnidadeID, FatorProducaoID) VALUES (22, 41, 104, 4,TO_DATE('06/02/2018','dd/mm/yyyy'), 10, 3, 4);
INSERT INTO Operacao(OperacaoID, CulturaID, ParcelaID, TipoOperacaoID, DataRealizacao, Quantidade, UnidadeID, FatorProducaoID) VALUES (23, 37, 104, 4,TO_DATE('06/02/2018','dd/mm/yyyy'), 6, 3, 4);
INSERT INTO Operacao(OperacaoID, CulturaID, ParcelaID, TipoOperacaoID, DataRealizacao, Quantidade, UnidadeID, FatorProducaoID) VALUES (24, 48, 104, 4,TO_DATE('06/02/2018','dd/mm/yyyy'), 5, 3, 4);
INSERT INTO Operacao(OperacaoID, CulturaID, ParcelaID, TipoOperacaoID, DataRealizacao, Quantidade, UnidadeID, FatorProducaoID) VALUES (25, 89, 102, 2,TO_DATE('03/07/2018','dd/mm/yyyy'), 1, 2, null);
INSERT INTO Operacao(OperacaoID, CulturaID, ParcelaID, TipoOperacaoID, DataRealizacao, Quantidade, UnidadeID, FatorProducaoID) VALUES (26, 92, 102, 2,TO_DATE('03/07/2018','dd/mm/yyyy'), 1.5, 2, null);
INSERT INTO Operacao(OperacaoID, CulturaID, ParcelaID, TipoOperacaoID, DataRealizacao, Quantidade, UnidadeID, FatorProducaoID) VALUES (27, 96, 104, 2,TO_DATE('10/07/2018','dd/mm/yyyy'), 3.5, 2, null);
INSERT INTO Operacao(OperacaoID, CulturaID, ParcelaID, TipoOperacaoID, DataRealizacao, Quantidade, UnidadeID, FatorProducaoID) VALUES (28, 97, 107, 2,TO_DATE('10/07/2018','dd/mm/yyyy'), 6, 2, null);
INSERT INTO Operacao(OperacaoID, CulturaID, ParcelaID, TipoOperacaoID, DataRealizacao, Quantidade, UnidadeID, FatorProducaoID) VALUES (29, 89, 102, 2,TO_DATE('10/08/2018','dd/mm/yyyy'), 1, 2, null);
INSERT INTO Operacao(OperacaoID, CulturaID, ParcelaID, TipoOperacaoID, DataRealizacao, Quantidade, UnidadeID, FatorProducaoID) VALUES (30, 92, 102, 2,TO_DATE('10/08/2018','dd/mm/yyyy'), 1.5, 2, null);
INSERT INTO Operacao(OperacaoID, CulturaID, ParcelaID, TipoOperacaoID, DataRealizacao, Quantidade, UnidadeID, FatorProducaoID) VALUES (31, 96, 104, 2,TO_DATE('10/08/2018','dd/mm/yyyy'), 4, 2, null);
INSERT INTO Operacao(OperacaoID, CulturaID, ParcelaID, TipoOperacaoID, DataRealizacao, Quantidade, UnidadeID, FatorProducaoID) VALUES (32, 97, 107, 2,TO_DATE('11/08/2018','dd/mm/yyyy'), 7, 2, null);
INSERT INTO Operacao(OperacaoID, CulturaID, ParcelaID, TipoOperacaoID, DataRealizacao, Quantidade, UnidadeID, FatorProducaoID) VALUES (33, 96, 104, 2,TO_DATE('02/09/2018','dd/mm/yyyy'), 4, 2, null);
INSERT INTO Operacao(OperacaoID, CulturaID, ParcelaID, TipoOperacaoID, DataRealizacao, Quantidade, UnidadeID, FatorProducaoID) VALUES (34, 96, 104, 2,TO_DATE('10/09/2018','dd/mm/yyyy'), 4, 2, null);
INSERT INTO Operacao(OperacaoID, CulturaID, ParcelaID, TipoOperacaoID, DataRealizacao, Quantidade, UnidadeID, FatorProducaoID) VALUES (35, 92, 102, 3,TO_DATE('17/11/2018','dd/mm/yyyy'), 30, 1, null);
INSERT INTO Operacao(OperacaoID, CulturaID, ParcelaID, TipoOperacaoID, DataRealizacao, Quantidade, UnidadeID, FatorProducaoID) VALUES (36, 89, 102, 3,TO_DATE('17/11/2018','dd/mm/yyyy'), 20, 1, null);
INSERT INTO Operacao(OperacaoID, CulturaID, ParcelaID, TipoOperacaoID, DataRealizacao, Quantidade, UnidadeID, FatorProducaoID) VALUES (37, 48, 104, 1,TO_DATE('10/12/2018','dd/mm/yyyy'), 30, 1, null);
INSERT INTO Operacao(OperacaoID, CulturaID, ParcelaID, TipoOperacaoID, DataRealizacao, Quantidade, UnidadeID, FatorProducaoID) VALUES (38, 94, 107, 3,TO_DATE('16/12/2018','dd/mm/yyyy'), 500, 1, null);
INSERT INTO Operacao(OperacaoID, CulturaID, ParcelaID, TipoOperacaoID, DataRealizacao, Quantidade, UnidadeID, FatorProducaoID) VALUES (39, 95, 107, 3,TO_DATE('18/12/2018','dd/mm/yyyy'), 700, 1, null);
INSERT INTO Operacao(OperacaoID, CulturaID, ParcelaID, TipoOperacaoID, DataRealizacao, Quantidade, UnidadeID, FatorProducaoID) VALUES (40, 41, 104, 3,TO_DATE('07/01/2019','dd/mm/yyyy'), 90, 1, null);
INSERT INTO Operacao(OperacaoID, CulturaID, ParcelaID, TipoOperacaoID, DataRealizacao, Quantidade, UnidadeID, FatorProducaoID) VALUES (41, 37, 104, 3,TO_DATE('08/01/2019','dd/mm/yyyy'), 60, 1, null);
INSERT INTO Operacao(OperacaoID, CulturaID, ParcelaID, TipoOperacaoID, DataRealizacao, Quantidade, UnidadeID, FatorProducaoID) VALUES (42, 48, 104, 3,TO_DATE('08/01/2019','dd/mm/yyyy'), 40, 1, null);
INSERT INTO Operacao(OperacaoID, CulturaID, ParcelaID, TipoOperacaoID, DataRealizacao, Quantidade, UnidadeID, FatorProducaoID) VALUES (43, 94, 107, 5,TO_DATE('20/01/2019','dd/mm/yyyy'), 2, 3, 1);
INSERT INTO Operacao(OperacaoID, CulturaID, ParcelaID, TipoOperacaoID, DataRealizacao, Quantidade, UnidadeID, FatorProducaoID) VALUES (44, 95, 107, 5,TO_DATE('20/01/2019','dd/mm/yyyy'), 2.5, 3, 1);
INSERT INTO Operacao(OperacaoID, CulturaID, ParcelaID, TipoOperacaoID, DataRealizacao, Quantidade, UnidadeID, FatorProducaoID) VALUES (45, 41, 104, 4,TO_DATE('06/02/2019','dd/mm/yyyy'), 10, 3, 4);
INSERT INTO Operacao(OperacaoID, CulturaID, ParcelaID, TipoOperacaoID, DataRealizacao, Quantidade, UnidadeID, FatorProducaoID) VALUES (46, 37, 104, 4,TO_DATE('06/02/2019','dd/mm/yyyy'), 5, 3, 4);
INSERT INTO Operacao(OperacaoID, CulturaID, ParcelaID, TipoOperacaoID, DataRealizacao, Quantidade, UnidadeID, FatorProducaoID) VALUES (47, 48, 104, 4,TO_DATE('06/02/2019','dd/mm/yyyy'), 7, 3, 4);
INSERT INTO Operacao(OperacaoID, CulturaID, ParcelaID, TipoOperacaoID, DataRealizacao, Quantidade, UnidadeID, FatorProducaoID) VALUES (48, 89, 102, 2,TO_DATE('03/07/2019','dd/mm/yyyy'), 1, 2, null);
INSERT INTO Operacao(OperacaoID, CulturaID, ParcelaID, TipoOperacaoID, DataRealizacao, Quantidade, UnidadeID, FatorProducaoID) VALUES (49, 92, 102, 2,TO_DATE('03/07/2019','dd/mm/yyyy'), 1.5, 2, null);
INSERT INTO Operacao(OperacaoID, CulturaID, ParcelaID, TipoOperacaoID, DataRealizacao, Quantidade, UnidadeID, FatorProducaoID) VALUES (50, 96, 104, 2,TO_DATE('03/07/2019','dd/mm/yyyy'), 4, 2, null);
INSERT INTO Operacao(OperacaoID, CulturaID, ParcelaID, TipoOperacaoID, DataRealizacao, Quantidade, UnidadeID, FatorProducaoID) VALUES (51, 97, 107, 2,TO_DATE('10/07/2019','dd/mm/yyyy'), 6, 2, null);
INSERT INTO Operacao(OperacaoID, CulturaID, ParcelaID, TipoOperacaoID, DataRealizacao, Quantidade, UnidadeID, FatorProducaoID) VALUES (52, 89, 102, 2,TO_DATE('10/08/2019','dd/mm/yyyy'), 1, 2, null);
INSERT INTO Operacao(OperacaoID, CulturaID, ParcelaID, TipoOperacaoID, DataRealizacao, Quantidade, UnidadeID, FatorProducaoID) VALUES (53, 92, 102, 2,TO_DATE('10/08/2019','dd/mm/yyyy'), 1.5, 2, null);
INSERT INTO Operacao(OperacaoID, CulturaID, ParcelaID, TipoOperacaoID, DataRealizacao, Quantidade, UnidadeID, FatorProducaoID) VALUES (54, 96, 104, 2,TO_DATE('10/08/2019','dd/mm/yyyy'), 4.5, 2, null);
INSERT INTO Operacao(OperacaoID, CulturaID, ParcelaID, TipoOperacaoID, DataRealizacao, Quantidade, UnidadeID, FatorProducaoID) VALUES (55, 97, 107, 2,TO_DATE('11/08/2019','dd/mm/yyyy'), 7, 2, null);
INSERT INTO Operacao(OperacaoID, CulturaID, ParcelaID, TipoOperacaoID, DataRealizacao, Quantidade, UnidadeID, FatorProducaoID) VALUES (56, 92, 102, 3,TO_DATE('15/11/2019','dd/mm/yyyy'), 30, 1, null);
INSERT INTO Operacao(OperacaoID, CulturaID, ParcelaID, TipoOperacaoID, DataRealizacao, Quantidade, UnidadeID, FatorProducaoID) VALUES (57, 89, 102, 3,TO_DATE('15/11/2019','dd/mm/yyyy'), 20, 1, null);
INSERT INTO Operacao(OperacaoID, CulturaID, ParcelaID, TipoOperacaoID, DataRealizacao, Quantidade, UnidadeID, FatorProducaoID) VALUES (58, 94, 107, 3,TO_DATE('16/12/2019','dd/mm/yyyy'), 500, 1, null);
INSERT INTO Operacao(OperacaoID, CulturaID, ParcelaID, TipoOperacaoID, DataRealizacao, Quantidade, UnidadeID, FatorProducaoID) VALUES (59, 95, 107, 3,TO_DATE('18/12/2019','dd/mm/yyyy'), 700, 1, null);
INSERT INTO Operacao(OperacaoID, CulturaID, ParcelaID, TipoOperacaoID, DataRealizacao, Quantidade, UnidadeID, FatorProducaoID) VALUES (60, 94, 107, 5,TO_DATE('20/01/2020','dd/mm/yyyy'), 2, 3, 1);
INSERT INTO Operacao(OperacaoID, CulturaID, ParcelaID, TipoOperacaoID, DataRealizacao, Quantidade, UnidadeID, FatorProducaoID) VALUES (61, 95, 107, 5,TO_DATE('20/01/2020','dd/mm/yyyy'), 2.5, 3, 1);
INSERT INTO Operacao(OperacaoID, CulturaID, ParcelaID, TipoOperacaoID, DataRealizacao, Quantidade, UnidadeID, FatorProducaoID) VALUES (62, 79, 106, 6,TO_DATE('12/03/2020','dd/mm/yyyy'), 0.9, 3, null);
INSERT INTO Operacao(OperacaoID, CulturaID, ParcelaID, TipoOperacaoID, DataRealizacao, Quantidade, UnidadeID, FatorProducaoID) VALUES (63, '', 103, 4,TO_DATE('30/03/2020','dd/mm/yyyy'), 600, 3, 8);
INSERT INTO Operacao(OperacaoID, CulturaID, ParcelaID, TipoOperacaoID, DataRealizacao, Quantidade, UnidadeID, FatorProducaoID) VALUES (64, 82, 103, 6,TO_DATE('05/04/2020','dd/mm/yyyy'), 1.2, 4, null);
INSERT INTO Operacao(OperacaoID, CulturaID, ParcelaID, TipoOperacaoID, DataRealizacao, Quantidade, UnidadeID, FatorProducaoID) VALUES (65, 79, 106, 7,TO_DATE('05/05/2020','dd/mm/yyyy'), 2200, 3, null);
INSERT INTO Operacao(OperacaoID, CulturaID, ParcelaID, TipoOperacaoID, DataRealizacao, Quantidade, UnidadeID, FatorProducaoID) VALUES (66, 79, 106, 7,TO_DATE('15/05/2020','dd/mm/yyyy'), 1400, 3, null);
INSERT INTO Operacao(OperacaoID, CulturaID, ParcelaID, TipoOperacaoID, DataRealizacao, Quantidade, UnidadeID, FatorProducaoID) VALUES (67, 78, 106, 6,TO_DATE('02/06/2020','dd/mm/yyyy'), 0.6, 3, null);
INSERT INTO Operacao(OperacaoID, CulturaID, ParcelaID, TipoOperacaoID, DataRealizacao, Quantidade, UnidadeID, FatorProducaoID) VALUES (68, 89, 102, 2,TO_DATE('03/07/2020','dd/mm/yyyy'), 1, 2, null);
INSERT INTO Operacao(OperacaoID, CulturaID, ParcelaID, TipoOperacaoID, DataRealizacao, Quantidade, UnidadeID, FatorProducaoID) VALUES (69, 92, 102, 2,TO_DATE('03/07/2020','dd/mm/yyyy'), 1.5, 2, null);
INSERT INTO Operacao(OperacaoID, CulturaID, ParcelaID, TipoOperacaoID, DataRealizacao, Quantidade, UnidadeID, FatorProducaoID) VALUES (70, 97, 107, 2,TO_DATE('10/07/2020','dd/mm/yyyy'), 6, 2, null);
INSERT INTO Operacao(OperacaoID, CulturaID, ParcelaID, TipoOperacaoID, DataRealizacao, Quantidade, UnidadeID, FatorProducaoID) VALUES (71, 82, 103, 2,TO_DATE('12/07/2020','dd/mm/yyyy'), 15, 2, null);
INSERT INTO Operacao(OperacaoID, CulturaID, ParcelaID, TipoOperacaoID, DataRealizacao, Quantidade, UnidadeID, FatorProducaoID) VALUES (72, 78, 106, 2,TO_DATE('15/07/2020','dd/mm/yyyy'), 2.5, 2, null);
INSERT INTO Operacao(OperacaoID, CulturaID, ParcelaID, TipoOperacaoID, DataRealizacao, Quantidade, UnidadeID, FatorProducaoID) VALUES (73, 82, 103, 2,TO_DATE('28/07/2020','dd/mm/yyyy'), 15, 2, null);
INSERT INTO Operacao(OperacaoID, CulturaID, ParcelaID, TipoOperacaoID, DataRealizacao, Quantidade, UnidadeID, FatorProducaoID) VALUES (74, 89, 102, 2,TO_DATE('10/08/2020','dd/mm/yyyy'), 1, 2, null);
INSERT INTO Operacao(OperacaoID, CulturaID, ParcelaID, TipoOperacaoID, DataRealizacao, Quantidade, UnidadeID, FatorProducaoID) VALUES (75, 92, 102, 2,TO_DATE('10/08/2020','dd/mm/yyyy'), 1.5, 2, null);
INSERT INTO Operacao(OperacaoID, CulturaID, ParcelaID, TipoOperacaoID, DataRealizacao, Quantidade, UnidadeID, FatorProducaoID) VALUES (76, 82, 103, 2,TO_DATE('10/08/2020','dd/mm/yyyy'), 15, 2, null);
INSERT INTO Operacao(OperacaoID, CulturaID, ParcelaID, TipoOperacaoID, DataRealizacao, Quantidade, UnidadeID, FatorProducaoID) VALUES (77, 97, 107, 2,TO_DATE('11/08/2020','dd/mm/yyyy'), 7, 2, null);
INSERT INTO Operacao(OperacaoID, CulturaID, ParcelaID, TipoOperacaoID, DataRealizacao, Quantidade, UnidadeID, FatorProducaoID) VALUES (78, 78, 106, 2,TO_DATE('12/08/2020','dd/mm/yyyy'), 3.5, 2, null);
INSERT INTO Operacao(OperacaoID, CulturaID, ParcelaID, TipoOperacaoID, DataRealizacao, Quantidade, UnidadeID, FatorProducaoID) VALUES (79, 82, 103, 7,TO_DATE('20/08/2020','dd/mm/yyyy'), 3300, 3, null);
INSERT INTO Operacao(OperacaoID, CulturaID, ParcelaID, TipoOperacaoID, DataRealizacao, Quantidade, UnidadeID, FatorProducaoID) VALUES (80, 78, 106, 7,TO_DATE('28/08/2020','dd/mm/yyyy'), 600, 3, null);
INSERT INTO Operacao(OperacaoID, CulturaID, ParcelaID, TipoOperacaoID, DataRealizacao, Quantidade, UnidadeID, FatorProducaoID) VALUES (81, 78, 106, 7,TO_DATE('07/09/2020','dd/mm/yyyy'), 1800, 3, null);
INSERT INTO Operacao(OperacaoID, CulturaID, ParcelaID, TipoOperacaoID, DataRealizacao, Quantidade, UnidadeID, FatorProducaoID) VALUES (82, 93, 106, 6,TO_DATE('20/09/2020','dd/mm/yyyy'), 0.6, 3, null);
INSERT INTO Operacao(OperacaoID, CulturaID, ParcelaID, TipoOperacaoID, DataRealizacao, Quantidade, UnidadeID, FatorProducaoID) VALUES (83, 80, 101, 6,TO_DATE('10/10/2020','dd/mm/yyyy'), 36, 3, null);
INSERT INTO Operacao(OperacaoID, CulturaID, ParcelaID, TipoOperacaoID, DataRealizacao, Quantidade, UnidadeID, FatorProducaoID) VALUES (84, 80, 103, 6,TO_DATE('12/10/2020','dd/mm/yyyy'), 1.3, 4, null);
INSERT INTO Operacao(OperacaoID, CulturaID, ParcelaID, TipoOperacaoID, DataRealizacao, Quantidade, UnidadeID, FatorProducaoID) VALUES (85, 92, 102, 3,TO_DATE('10/11/2020','dd/mm/yyyy'), 30, 1, null);
INSERT INTO Operacao(OperacaoID, CulturaID, ParcelaID, TipoOperacaoID, DataRealizacao, Quantidade, UnidadeID, FatorProducaoID) VALUES (86, 89, 102, 3,TO_DATE('10/11/2020','dd/mm/yyyy'), 20, 1, null);
INSERT INTO Operacao(OperacaoID, CulturaID, ParcelaID, TipoOperacaoID, DataRealizacao, Quantidade, UnidadeID, FatorProducaoID) VALUES (87, 93, 106, 7,TO_DATE('15/11/2020','dd/mm/yyyy'), 600, 3, null);
INSERT INTO Operacao(OperacaoID, CulturaID, ParcelaID, TipoOperacaoID, DataRealizacao, Quantidade, UnidadeID, FatorProducaoID) VALUES (88, 48, 104, 3,TO_DATE('05/12/2020','dd/mm/yyyy'), 70, 1, null);
INSERT INTO Operacao(OperacaoID, CulturaID, ParcelaID, TipoOperacaoID, DataRealizacao, Quantidade, UnidadeID, FatorProducaoID) VALUES (89, 41, 104, 3,TO_DATE('05/12/2020','dd/mm/yyyy'), 50, 1, null);
INSERT INTO Operacao(OperacaoID, CulturaID, ParcelaID, TipoOperacaoID, DataRealizacao, Quantidade, UnidadeID, FatorProducaoID) VALUES (90, 92, 102, 4,TO_DATE('10/12/2020','dd/mm/yyyy'), 10, 3, 3);
INSERT INTO Operacao(OperacaoID, CulturaID, ParcelaID, TipoOperacaoID, DataRealizacao, Quantidade, UnidadeID, FatorProducaoID) VALUES (91, 89, 102, 4,TO_DATE('10/12/2020','dd/mm/yyyy'), 7, 3, 3);
INSERT INTO Operacao(OperacaoID, CulturaID, ParcelaID, TipoOperacaoID, DataRealizacao, Quantidade, UnidadeID, FatorProducaoID) VALUES (92, 41, 104, 3,TO_DATE('15/12/2020','dd/mm/yyyy'), 40, 1, null);
INSERT INTO Operacao(OperacaoID, CulturaID, ParcelaID, TipoOperacaoID, DataRealizacao, Quantidade, UnidadeID, FatorProducaoID) VALUES (93, 37, 104, 3,TO_DATE('15/12/2020','dd/mm/yyyy'), 60, 1, null);
INSERT INTO Operacao(OperacaoID, CulturaID, ParcelaID, TipoOperacaoID, DataRealizacao, Quantidade, UnidadeID, FatorProducaoID) VALUES (94, 94, 107, 3,TO_DATE('16/12/2020','dd/mm/yyyy'), 500, 1, null);
INSERT INTO Operacao(OperacaoID, CulturaID, ParcelaID, TipoOperacaoID, DataRealizacao, Quantidade, UnidadeID, FatorProducaoID) VALUES (95, 93, 106, 7,TO_DATE('18/12/2020','dd/mm/yyyy'), 2500, 3, null);
INSERT INTO Operacao(OperacaoID, CulturaID, ParcelaID, TipoOperacaoID, DataRealizacao, Quantidade, UnidadeID, FatorProducaoID) VALUES (96, 95, 107, 3,TO_DATE('18/12/2020','dd/mm/yyyy'), 700, 1, null);
INSERT INTO Operacao(OperacaoID, CulturaID, ParcelaID, TipoOperacaoID, DataRealizacao, Quantidade, UnidadeID, FatorProducaoID) VALUES (97, 93, 106, 7,TO_DATE('04/01/2021','dd/mm/yyyy'), 2900, 3, null);
INSERT INTO Operacao(OperacaoID, CulturaID, ParcelaID, TipoOperacaoID, DataRealizacao, Quantidade, UnidadeID, FatorProducaoID) VALUES (98, 94, 107, 5,TO_DATE('20/01/2021','dd/mm/yyyy'), 2, 3, 1);
INSERT INTO Operacao(OperacaoID, CulturaID, ParcelaID, TipoOperacaoID, DataRealizacao, Quantidade, UnidadeID, FatorProducaoID) VALUES (99, 95, 107, 5,TO_DATE('20/01/2021','dd/mm/yyyy'), 2.5, 3, 1);
INSERT INTO Operacao(OperacaoID, CulturaID, ParcelaID, TipoOperacaoID, DataRealizacao, Quantidade, UnidadeID, FatorProducaoID) VALUES (100, 77, 106, 6,TO_DATE('10/03/2021','dd/mm/yyyy'), 0.9, 3, null);
INSERT INTO Operacao(OperacaoID, CulturaID, ParcelaID, TipoOperacaoID, DataRealizacao, Quantidade, UnidadeID, FatorProducaoID) VALUES (101, 80, 103, 8,TO_DATE('14/03/2021','dd/mm/yyyy'), 1.3, 4, null);
INSERT INTO Operacao(OperacaoID, CulturaID, ParcelaID, TipoOperacaoID, DataRealizacao, Quantidade, UnidadeID, FatorProducaoID) VALUES (102, 80, 101, 8,TO_DATE('30/03/2021','dd/mm/yyyy'), 1.3, 4, null);
INSERT INTO Operacao(OperacaoID, CulturaID, ParcelaID, TipoOperacaoID, DataRealizacao, Quantidade, UnidadeID, FatorProducaoID) VALUES (103, 82, 103, 6,TO_DATE('03/04/2021','dd/mm/yyyy'), 1.2, 4, null);
INSERT INTO Operacao(OperacaoID, CulturaID, ParcelaID, TipoOperacaoID, DataRealizacao, Quantidade, UnidadeID, FatorProducaoID) VALUES (104, 83, 101, 6,TO_DATE('15/04/2021','dd/mm/yyyy'), 30, 3, null);
INSERT INTO Operacao(OperacaoID, CulturaID, ParcelaID, TipoOperacaoID, DataRealizacao, Quantidade, UnidadeID, FatorProducaoID) VALUES (105, 96, 104, 4,TO_DATE('02/05/2021','dd/mm/yyyy'), 10, 3, 5);
INSERT INTO Operacao(OperacaoID, CulturaID, ParcelaID, TipoOperacaoID, DataRealizacao, Quantidade, UnidadeID, FatorProducaoID) VALUES (106, 77, 106, 7,TO_DATE('05/05/2021','dd/mm/yyyy'), 2200, 3, null);
INSERT INTO Operacao(OperacaoID, CulturaID, ParcelaID, TipoOperacaoID, DataRealizacao, Quantidade, UnidadeID, FatorProducaoID) VALUES (107, 77, 106, 7,TO_DATE('15/05/2021','dd/mm/yyyy'), 1400, 3, null);
INSERT INTO Operacao(OperacaoID, CulturaID, ParcelaID, TipoOperacaoID, DataRealizacao, Quantidade, UnidadeID, FatorProducaoID) VALUES (108, 75, 106, 6,TO_DATE('02/06/2021','dd/mm/yyyy'), 0.6, 3, null);
INSERT INTO Operacao(OperacaoID, CulturaID, ParcelaID, TipoOperacaoID, DataRealizacao, Quantidade, UnidadeID, FatorProducaoID) VALUES (109, 75, 106, 2,TO_DATE('20/06/2021','dd/mm/yyyy'), 3, 2, null);
INSERT INTO Operacao(OperacaoID, CulturaID, ParcelaID, TipoOperacaoID, DataRealizacao, Quantidade, UnidadeID, FatorProducaoID) VALUES (110, 89, 102, 2,TO_DATE('03/07/2021','dd/mm/yyyy'), 0.8, 2, null);
INSERT INTO Operacao(OperacaoID, CulturaID, ParcelaID, TipoOperacaoID, DataRealizacao, Quantidade, UnidadeID, FatorProducaoID) VALUES (111, 92, 102, 2,TO_DATE('03/07/2021','dd/mm/yyyy'), 1.5, 2, null);
INSERT INTO Operacao(OperacaoID, CulturaID, ParcelaID, TipoOperacaoID, DataRealizacao, Quantidade, UnidadeID, FatorProducaoID) VALUES (112, 96, 104, 2,TO_DATE('05/07/2021','dd/mm/yyyy'), 5, 2, null);
INSERT INTO Operacao(OperacaoID, CulturaID, ParcelaID, TipoOperacaoID, DataRealizacao, Quantidade, UnidadeID, FatorProducaoID) VALUES (113, 75, 106, 2,TO_DATE('07/07/2021','dd/mm/yyyy'), 3, 2, null);
INSERT INTO Operacao(OperacaoID, CulturaID, ParcelaID, TipoOperacaoID, DataRealizacao, Quantidade, UnidadeID, FatorProducaoID) VALUES (114, 97, 107, 2,TO_DATE('10/07/2021','dd/mm/yyyy'), 7, 2, null);
INSERT INTO Operacao(OperacaoID, CulturaID, ParcelaID, TipoOperacaoID, DataRealizacao, Quantidade, UnidadeID, FatorProducaoID) VALUES (115, 82, 103, 2,TO_DATE('12/07/2021','dd/mm/yyyy'), 15, 2, null);
INSERT INTO Operacao(OperacaoID, CulturaID, ParcelaID, TipoOperacaoID, DataRealizacao, Quantidade, UnidadeID, FatorProducaoID) VALUES (116, 94, 107, 7,TO_DATE('15/07/2021','dd/mm/yyyy'), 300, 3, null);
INSERT INTO Operacao(OperacaoID, CulturaID, ParcelaID, TipoOperacaoID, DataRealizacao, Quantidade, UnidadeID, FatorProducaoID) VALUES (117, 94, 107, 7,TO_DATE('20/07/2021','dd/mm/yyyy'), 400, 3, null);
INSERT INTO Operacao(OperacaoID, CulturaID, ParcelaID, TipoOperacaoID, DataRealizacao, Quantidade, UnidadeID, FatorProducaoID) VALUES (118, 82, 103, 2,TO_DATE('24/07/2021','dd/mm/yyyy'), 15, 2, null);
INSERT INTO Operacao(OperacaoID, CulturaID, ParcelaID, TipoOperacaoID, DataRealizacao, Quantidade, UnidadeID, FatorProducaoID) VALUES (119, 96, 104, 2,TO_DATE('30/07/2021','dd/mm/yyyy'), 5.5, 2, null);
INSERT INTO Operacao(OperacaoID, CulturaID, ParcelaID, TipoOperacaoID, DataRealizacao, Quantidade, UnidadeID, FatorProducaoID) VALUES (120, 75, 106, 2,TO_DATE('30/07/2021','dd/mm/yyyy'), 3.5, 2, null);
INSERT INTO Operacao(OperacaoID, CulturaID, ParcelaID, TipoOperacaoID, DataRealizacao, Quantidade, UnidadeID, FatorProducaoID) VALUES (121, 82, 103, 2,TO_DATE('07/08/2021','dd/mm/yyyy'), 15, 2, null);
INSERT INTO Operacao(OperacaoID, CulturaID, ParcelaID, TipoOperacaoID, DataRealizacao, Quantidade, UnidadeID, FatorProducaoID) VALUES (122, 89, 102, 2,TO_DATE('10/08/2021','dd/mm/yyyy'), 0.8, 2, null);
INSERT INTO Operacao(OperacaoID, CulturaID, ParcelaID, TipoOperacaoID, DataRealizacao, Quantidade, UnidadeID, FatorProducaoID) VALUES (123, 92, 102, 2,TO_DATE('10/08/2021','dd/mm/yyyy'), 1.5, 2, null);
INSERT INTO Operacao(OperacaoID, CulturaID, ParcelaID, TipoOperacaoID, DataRealizacao, Quantidade, UnidadeID, FatorProducaoID) VALUES (124, 83, 101, 7,TO_DATE('12/08/2021','dd/mm/yyyy'), 3300, 3, null);
INSERT INTO Operacao(OperacaoID, CulturaID, ParcelaID, TipoOperacaoID, DataRealizacao, Quantidade, UnidadeID, FatorProducaoID) VALUES (125, 75, 106, 2,TO_DATE('17/08/2021','dd/mm/yyyy'), 3, 2, null);
INSERT INTO Operacao(OperacaoID, CulturaID, ParcelaID, TipoOperacaoID, DataRealizacao, Quantidade, UnidadeID, FatorProducaoID) VALUES (126, 48, 104, 7,TO_DATE('24/08/2021','dd/mm/yyyy'), 900, 3, null);
INSERT INTO Operacao(OperacaoID, CulturaID, ParcelaID, TipoOperacaoID, DataRealizacao, Quantidade, UnidadeID, FatorProducaoID) VALUES (127, 82, 103, 7,TO_DATE('25/08/2021','dd/mm/yyyy'), 3300, 3, null);
INSERT INTO Operacao(OperacaoID, CulturaID, ParcelaID, TipoOperacaoID, DataRealizacao, Quantidade, UnidadeID, FatorProducaoID) VALUES (128, 75, 106, 7,TO_DATE('28/08/2021','dd/mm/yyyy'), 600, 3, null);
INSERT INTO Operacao(OperacaoID, CulturaID, ParcelaID, TipoOperacaoID, DataRealizacao, Quantidade, UnidadeID, FatorProducaoID) VALUES (129, 48, 104, 7,TO_DATE('05/09/2021','dd/mm/yyyy'), 800, 3, null);
INSERT INTO Operacao(OperacaoID, CulturaID, ParcelaID, TipoOperacaoID, DataRealizacao, Quantidade, UnidadeID, FatorProducaoID) VALUES (130, 75, 106, 7,TO_DATE('07/09/2021','dd/mm/yyyy'), 1800, 3, null);
INSERT INTO Operacao(OperacaoID, CulturaID, ParcelaID, TipoOperacaoID, DataRealizacao, Quantidade, UnidadeID, FatorProducaoID) VALUES (131, 41, 104, 7,TO_DATE('12/09/2021','dd/mm/yyyy'), 800, 3, null);
INSERT INTO Operacao(OperacaoID, CulturaID, ParcelaID, TipoOperacaoID, DataRealizacao, Quantidade, UnidadeID, FatorProducaoID) VALUES (132, 93, 106, 6,TO_DATE('20/09/2021','dd/mm/yyyy'), 0.6, 3, null);
INSERT INTO Operacao(OperacaoID, CulturaID, ParcelaID, TipoOperacaoID, DataRealizacao, Quantidade, UnidadeID, FatorProducaoID) VALUES (133, 41, 104, 7,TO_DATE('23/09/2021','dd/mm/yyyy'), 1200, 3, null);
INSERT INTO Operacao(OperacaoID, CulturaID, ParcelaID, TipoOperacaoID, DataRealizacao, Quantidade, UnidadeID, FatorProducaoID) VALUES (134, 80, 101, 6,TO_DATE('03/10/2021','dd/mm/yyyy'), 36, '', null);
INSERT INTO Operacao(OperacaoID, CulturaID, ParcelaID, TipoOperacaoID, DataRealizacao, Quantidade, UnidadeID, FatorProducaoID) VALUES (135, 80, 103, 6,TO_DATE('06/10/2021','dd/mm/yyyy'), 1.3, 4, null);
INSERT INTO Operacao(OperacaoID, CulturaID, ParcelaID, TipoOperacaoID, DataRealizacao, Quantidade, UnidadeID, FatorProducaoID) VALUES (136, 37, 104, 7,TO_DATE('12/10/2021','dd/mm/yyyy'), 950, 3, null);
INSERT INTO Operacao(OperacaoID, CulturaID, ParcelaID, TipoOperacaoID, DataRealizacao, Quantidade, UnidadeID, FatorProducaoID) VALUES (137, 37, 104, 7,TO_DATE('03/11/2021','dd/mm/yyyy'), 750, 3, null);
INSERT INTO Operacao(OperacaoID, CulturaID, ParcelaID, TipoOperacaoID, DataRealizacao, Quantidade, UnidadeID, FatorProducaoID) VALUES (138, 92, 102, 7,TO_DATE('10/11/2021','dd/mm/yyyy'), 210, 3, null);
INSERT INTO Operacao(OperacaoID, CulturaID, ParcelaID, TipoOperacaoID, DataRealizacao, Quantidade, UnidadeID, FatorProducaoID) VALUES (139, 89, 102, 7,TO_DATE('10/11/2021','dd/mm/yyyy'), 120, 3, null);
INSERT INTO Operacao(OperacaoID, CulturaID, ParcelaID, TipoOperacaoID, DataRealizacao, Quantidade, UnidadeID, FatorProducaoID) VALUES (140, 93, 106, 7,TO_DATE('15/11/2021','dd/mm/yyyy'), 600, 3, null);
INSERT INTO Operacao(OperacaoID, CulturaID, ParcelaID, TipoOperacaoID, DataRealizacao, Quantidade, UnidadeID, FatorProducaoID) VALUES (141, 92, 102, 3,TO_DATE('17/11/2021','dd/mm/yyyy'), 30, 1, null);
INSERT INTO Operacao(OperacaoID, CulturaID, ParcelaID, TipoOperacaoID, DataRealizacao, Quantidade, UnidadeID, FatorProducaoID) VALUES (142, 89, 102, 3,TO_DATE('17/11/2021','dd/mm/yyyy'), 20, 1, null);
INSERT INTO Operacao(OperacaoID, CulturaID, ParcelaID, TipoOperacaoID, DataRealizacao, Quantidade, UnidadeID, FatorProducaoID) VALUES (143, 48, 104, 3,TO_DATE('28/11/2021','dd/mm/yyyy'), 70, 1, null);
INSERT INTO Operacao(OperacaoID, CulturaID, ParcelaID, TipoOperacaoID, DataRealizacao, Quantidade, UnidadeID, FatorProducaoID) VALUES (144, 41, 104, 3,TO_DATE('03/12/2021','dd/mm/yyyy'), 90, 1, null);
INSERT INTO Operacao(OperacaoID, CulturaID, ParcelaID, TipoOperacaoID, DataRealizacao, Quantidade, UnidadeID, FatorProducaoID) VALUES (145, 94, 107, 3,TO_DATE('16/12/2021','dd/mm/yyyy'), 500, 1, null);
INSERT INTO Operacao(OperacaoID, CulturaID, ParcelaID, TipoOperacaoID, DataRealizacao, Quantidade, UnidadeID, FatorProducaoID) VALUES (146, 37, 104, 3,TO_DATE('18/12/2021','dd/mm/yyyy'), 60, 1, null);
INSERT INTO Operacao(OperacaoID, CulturaID, ParcelaID, TipoOperacaoID, DataRealizacao, Quantidade, UnidadeID, FatorProducaoID) VALUES (147, 93, 106, 7,TO_DATE('18/12/2021','dd/mm/yyyy'), 2500, 3, null);
INSERT INTO Operacao(OperacaoID, CulturaID, ParcelaID, TipoOperacaoID, DataRealizacao, Quantidade, UnidadeID, FatorProducaoID) VALUES (148, 95, 107, 3,TO_DATE('18/12/2021','dd/mm/yyyy'), 700, 1, null);
INSERT INTO Operacao(OperacaoID, CulturaID, ParcelaID, TipoOperacaoID, DataRealizacao, Quantidade, UnidadeID, FatorProducaoID) VALUES (149, 93, 106, 7,TO_DATE('04/01/2022','dd/mm/yyyy'), 2900, 3, null);
INSERT INTO Operacao(OperacaoID, CulturaID, ParcelaID, TipoOperacaoID, DataRealizacao, Quantidade, UnidadeID, FatorProducaoID) VALUES (150, 94, 107, 5,TO_DATE('20/01/2022','dd/mm/yyyy'), 3, 3, 1);
INSERT INTO Operacao(OperacaoID, CulturaID, ParcelaID, TipoOperacaoID, DataRealizacao, Quantidade, UnidadeID, FatorProducaoID) VALUES (151, 95, 107, 5,TO_DATE('20/01/2022','dd/mm/yyyy'), 3.5, 3, 1);
INSERT INTO Operacao(OperacaoID, CulturaID, ParcelaID, TipoOperacaoID, DataRealizacao, Quantidade, UnidadeID, FatorProducaoID) VALUES (152, 77, 106, 6,TO_DATE('06/03/2022','dd/mm/yyyy'), 0.9, 3, null);
INSERT INTO Operacao(OperacaoID, CulturaID, ParcelaID, TipoOperacaoID, DataRealizacao, Quantidade, UnidadeID, FatorProducaoID) VALUES (153, 80, 103, 8,TO_DATE('19/03/2022','dd/mm/yyyy'), 1.3, 4, null);
INSERT INTO Operacao(OperacaoID, CulturaID, ParcelaID, TipoOperacaoID, DataRealizacao, Quantidade, UnidadeID, FatorProducaoID) VALUES (154, 80, 101, 8,TO_DATE('05/04/2022','dd/mm/yyyy'), 1.3, 4, null);
INSERT INTO Operacao(OperacaoID, CulturaID, ParcelaID, TipoOperacaoID, DataRealizacao, Quantidade, UnidadeID, FatorProducaoID) VALUES (155, 82, 103, 6,TO_DATE('08/04/2022','dd/mm/yyyy'), 1.2, 4, null);
INSERT INTO Operacao(OperacaoID, CulturaID, ParcelaID, TipoOperacaoID, DataRealizacao, Quantidade, UnidadeID, FatorProducaoID) VALUES (156, 83, 101, 6,TO_DATE('15/04/2022','dd/mm/yyyy'), 30, 3, null);
INSERT INTO Operacao(OperacaoID, CulturaID, ParcelaID, TipoOperacaoID, DataRealizacao, Quantidade, UnidadeID, FatorProducaoID) VALUES (157, 77, 106, 7,TO_DATE('05/05/2022','dd/mm/yyyy'), 2250, 3, null);
INSERT INTO Operacao(OperacaoID, CulturaID, ParcelaID, TipoOperacaoID, DataRealizacao, Quantidade, UnidadeID, FatorProducaoID) VALUES (158, 96, 104, 4,TO_DATE('13/05/2022','dd/mm/yyyy'), 10, 3, 5);
INSERT INTO Operacao(OperacaoID, CulturaID, ParcelaID, TipoOperacaoID, DataRealizacao, Quantidade, UnidadeID, FatorProducaoID) VALUES (159, 77, 106, 7,TO_DATE('15/05/2022','dd/mm/yyyy'), 1300, 3, null);
INSERT INTO Operacao(OperacaoID, CulturaID, ParcelaID, TipoOperacaoID, DataRealizacao, Quantidade, UnidadeID, FatorProducaoID) VALUES (160, 78, 106, 6,TO_DATE('30/05/2022','dd/mm/yyyy'), 0.6, 3, null);
INSERT INTO Operacao(OperacaoID, CulturaID, ParcelaID, TipoOperacaoID, DataRealizacao, Quantidade, UnidadeID, FatorProducaoID) VALUES (161, 96, 104, 2,TO_DATE('05/06/2022','dd/mm/yyyy'), 3, 2, null);
INSERT INTO Operacao(OperacaoID, CulturaID, ParcelaID, TipoOperacaoID, DataRealizacao, Quantidade, UnidadeID, FatorProducaoID) VALUES (162, 78, 106, 2,TO_DATE('30/06/2022','dd/mm/yyyy'), 3, 2, null);
INSERT INTO Operacao(OperacaoID, CulturaID, ParcelaID, TipoOperacaoID, DataRealizacao, Quantidade, UnidadeID, FatorProducaoID) VALUES (163, 96, 104, 2,TO_DATE('02/07/2022','dd/mm/yyyy'), 5.5, 2, null);
INSERT INTO Operacao(OperacaoID, CulturaID, ParcelaID, TipoOperacaoID, DataRealizacao, Quantidade, UnidadeID, FatorProducaoID) VALUES (164, 89, 102, 2,TO_DATE('03/07/2022','dd/mm/yyyy'), 0.8, 2, null);
INSERT INTO Operacao(OperacaoID, CulturaID, ParcelaID, TipoOperacaoID, DataRealizacao, Quantidade, UnidadeID, FatorProducaoID) VALUES (165, 92, 102, 2,TO_DATE('03/07/2022','dd/mm/yyyy'), 1.5, 2, null);
INSERT INTO Operacao(OperacaoID, CulturaID, ParcelaID, TipoOperacaoID, DataRealizacao, Quantidade, UnidadeID, FatorProducaoID) VALUES (166, 95, 107, 2,TO_DATE('10/07/2022','dd/mm/yyyy'), 5, 2, null);
INSERT INTO Operacao(OperacaoID, CulturaID, ParcelaID, TipoOperacaoID, DataRealizacao, Quantidade, UnidadeID, FatorProducaoID) VALUES (167, 82, 103, 2,TO_DATE('12/07/2022','dd/mm/yyyy'), 15, 2, null);
INSERT INTO Operacao(OperacaoID, CulturaID, ParcelaID, TipoOperacaoID, DataRealizacao, Quantidade, UnidadeID, FatorProducaoID) VALUES (168, 78, 106, 2,TO_DATE('15/07/2022','dd/mm/yyyy'), 3, 2, null);
INSERT INTO Operacao(OperacaoID, CulturaID, ParcelaID, TipoOperacaoID, DataRealizacao, Quantidade, UnidadeID, FatorProducaoID) VALUES (169, 94, 107, 7,TO_DATE('15/07/2022','dd/mm/yyyy'), 600, 3, null);
INSERT INTO Operacao(OperacaoID, CulturaID, ParcelaID, TipoOperacaoID, DataRealizacao, Quantidade, UnidadeID, FatorProducaoID) VALUES (170, 94, 107, 7,TO_DATE('20/07/2022','dd/mm/yyyy'), 500, 3, null);
INSERT INTO Operacao(OperacaoID, CulturaID, ParcelaID, TipoOperacaoID, DataRealizacao, Quantidade, UnidadeID, FatorProducaoID) VALUES (171, 82, 103, 2,TO_DATE('24/07/2022','dd/mm/yyyy'), 15, 2, null);
INSERT INTO Operacao(OperacaoID, CulturaID, ParcelaID, TipoOperacaoID, DataRealizacao, Quantidade, UnidadeID, FatorProducaoID) VALUES (172, 96, 104, 2,TO_DATE('30/07/2022','dd/mm/yyyy'), 5, 2, null);
INSERT INTO Operacao(OperacaoID, CulturaID, ParcelaID, TipoOperacaoID, DataRealizacao, Quantidade, UnidadeID, FatorProducaoID) VALUES (173, 78, 106, 2,TO_DATE('30/07/2022','dd/mm/yyyy'), 2.5, 2, null);
INSERT INTO Operacao(OperacaoID, CulturaID, ParcelaID, TipoOperacaoID, DataRealizacao, Quantidade, UnidadeID, FatorProducaoID) VALUES (174, 82, 103, 2,TO_DATE('07/08/2022','dd/mm/yyyy'), 15, 2, null);
INSERT INTO Operacao(OperacaoID, CulturaID, ParcelaID, TipoOperacaoID, DataRealizacao, Quantidade, UnidadeID, FatorProducaoID) VALUES (175, 89, 102, 2,TO_DATE('10/08/2022','dd/mm/yyyy'), 0.8, 2, null);
INSERT INTO Operacao(OperacaoID, CulturaID, ParcelaID, TipoOperacaoID, DataRealizacao, Quantidade, UnidadeID, FatorProducaoID) VALUES (176, 92, 102, 2,TO_DATE('10/08/2022','dd/mm/yyyy'), 1.5, 2, null);
INSERT INTO Operacao(OperacaoID, CulturaID, ParcelaID, TipoOperacaoID, DataRealizacao, Quantidade, UnidadeID, FatorProducaoID) VALUES (177, 95, 107, 7,TO_DATE('12/08/2022','dd/mm/yyyy'), 1200, 3, null);
INSERT INTO Operacao(OperacaoID, CulturaID, ParcelaID, TipoOperacaoID, DataRealizacao, Quantidade, UnidadeID, FatorProducaoID) VALUES (178, 95, 107, 7,TO_DATE('12/08/2022','dd/mm/yyyy'), 600, 3, null);
INSERT INTO Operacao(OperacaoID, CulturaID, ParcelaID, TipoOperacaoID, DataRealizacao, Quantidade, UnidadeID, FatorProducaoID) VALUES (179, 83, 101, 7,TO_DATE('17/08/2022','dd/mm/yyyy'), 3500, 3, null);
INSERT INTO Operacao(OperacaoID, CulturaID, ParcelaID, TipoOperacaoID, DataRealizacao, Quantidade, UnidadeID, FatorProducaoID) VALUES (180, 78, 106, 2,TO_DATE('17/08/2022','dd/mm/yyyy'), 3, 2, null);
INSERT INTO Operacao(OperacaoID, CulturaID, ParcelaID, TipoOperacaoID, DataRealizacao, Quantidade, UnidadeID, FatorProducaoID) VALUES (181, 82, 103, 7,TO_DATE('18/08/2022','dd/mm/yyyy'), 3300, 3, null);
INSERT INTO Operacao(OperacaoID, CulturaID, ParcelaID, TipoOperacaoID, DataRealizacao, Quantidade, UnidadeID, FatorProducaoID) VALUES (182, 48, 104, 7,TO_DATE('20/08/2022','dd/mm/yyyy'), 950, 3, null);
INSERT INTO Operacao(OperacaoID, CulturaID, ParcelaID, TipoOperacaoID, DataRealizacao, Quantidade, UnidadeID, FatorProducaoID) VALUES (183, 78, 106, 7,TO_DATE('24/08/2022','dd/mm/yyyy'), 650, 3, null);
INSERT INTO Operacao(OperacaoID, CulturaID, ParcelaID, TipoOperacaoID, DataRealizacao, Quantidade, UnidadeID, FatorProducaoID) VALUES (184, 78, 106, 7,TO_DATE('05/09/2022','dd/mm/yyyy'), 1900, 3, null);
INSERT INTO Operacao(OperacaoID, CulturaID, ParcelaID, TipoOperacaoID, DataRealizacao, Quantidade, UnidadeID, FatorProducaoID) VALUES (185, 48, 104, 7,TO_DATE('07/09/2022','dd/mm/yyyy'), 830, 3, null);
INSERT INTO Operacao(OperacaoID, CulturaID, ParcelaID, TipoOperacaoID, DataRealizacao, Quantidade, UnidadeID, FatorProducaoID) VALUES (186, 41, 104, 7,TO_DATE('11/09/2022','dd/mm/yyyy'), 750, 3, null);
INSERT INTO Operacao(OperacaoID, CulturaID, ParcelaID, TipoOperacaoID, DataRealizacao, Quantidade, UnidadeID, FatorProducaoID) VALUES (187, 41, 104, 7,TO_DATE('20/09/2022','dd/mm/yyyy'), 1150, 3, null);
INSERT INTO Operacao(OperacaoID, CulturaID, ParcelaID, TipoOperacaoID, DataRealizacao, Quantidade, UnidadeID, FatorProducaoID) VALUES (188, 84, 106, 6,TO_DATE('20/09/2022','dd/mm/yyyy'), 0.6, 3, null);
INSERT INTO Operacao(OperacaoID, CulturaID, ParcelaID, TipoOperacaoID, DataRealizacao, Quantidade, UnidadeID, FatorProducaoID) VALUES (189, 80, 103, 6,TO_DATE('12/10/2022','dd/mm/yyyy'), 1.3, 4, null);
INSERT INTO Operacao(OperacaoID, CulturaID, ParcelaID, TipoOperacaoID, DataRealizacao, Quantidade, UnidadeID, FatorProducaoID) VALUES (190, 37, 104, 7,TO_DATE('17/10/2022','dd/mm/yyyy'), 850, 3, null);
INSERT INTO Operacao(OperacaoID, CulturaID, ParcelaID, TipoOperacaoID, DataRealizacao, Quantidade, UnidadeID, FatorProducaoID) VALUES (191, 37, 104, 7,TO_DATE('06/11/2022','dd/mm/yyyy'), 900, 3, null);
INSERT INTO Operacao(OperacaoID, CulturaID, ParcelaID, TipoOperacaoID, DataRealizacao, Quantidade, UnidadeID, FatorProducaoID) VALUES (192, 92, 102, 3,TO_DATE('10/11/2022','dd/mm/yyyy'), 30, 1, null);
INSERT INTO Operacao(OperacaoID, CulturaID, ParcelaID, TipoOperacaoID, DataRealizacao, Quantidade, UnidadeID, FatorProducaoID) VALUES (193, 89, 102, 3,TO_DATE('10/11/2022','dd/mm/yyyy'), 20, 1, null);
INSERT INTO Operacao(OperacaoID, CulturaID, ParcelaID, TipoOperacaoID, DataRealizacao, Quantidade, UnidadeID, FatorProducaoID) VALUES (194, 92, 102, 7,TO_DATE('12/11/2022','dd/mm/yyyy'), 300, 3, null);
INSERT INTO Operacao(OperacaoID, CulturaID, ParcelaID, TipoOperacaoID, DataRealizacao, Quantidade, UnidadeID, FatorProducaoID) VALUES (195, 89, 102, 7,TO_DATE('12/11/2022','dd/mm/yyyy'), 200, 3, null);
INSERT INTO Operacao(OperacaoID, CulturaID, ParcelaID, TipoOperacaoID, DataRealizacao, Quantidade, UnidadeID, FatorProducaoID) VALUES (196, 84, 106, 7,TO_DATE('15/11/2022','dd/mm/yyyy'), 50, 3, null);
INSERT INTO Operacao(OperacaoID, CulturaID, ParcelaID, TipoOperacaoID, DataRealizacao, Quantidade, UnidadeID, FatorProducaoID) VALUES (197, 48, 104, 3,TO_DATE('04/12/2022','dd/mm/yyyy'), 70, 1, null);
INSERT INTO Operacao(OperacaoID, CulturaID, ParcelaID, TipoOperacaoID, DataRealizacao, Quantidade, UnidadeID, FatorProducaoID) VALUES (198, 41, 104, 3,TO_DATE('07/12/2022','dd/mm/yyyy'), 90, 1, null);
INSERT INTO Operacao(OperacaoID, CulturaID, ParcelaID, TipoOperacaoID, DataRealizacao, Quantidade, UnidadeID, FatorProducaoID) VALUES (199, 92, 102, 4,TO_DATE('11/12/2022','dd/mm/yyyy'), 15, 3, 3);
INSERT INTO Operacao(OperacaoID, CulturaID, ParcelaID, TipoOperacaoID, DataRealizacao, Quantidade, UnidadeID, FatorProducaoID) VALUES (200, 89, 102, 4,TO_DATE('11/12/2022','dd/mm/yyyy'), 10, 3, 3);
INSERT INTO Operacao(OperacaoID, CulturaID, ParcelaID, TipoOperacaoID, DataRealizacao, Quantidade, UnidadeID, FatorProducaoID) VALUES (201, 94, 107, 3,TO_DATE('16/12/2022','dd/mm/yyyy'), 500, 1, null);
INSERT INTO Operacao(OperacaoID, CulturaID, ParcelaID, TipoOperacaoID, DataRealizacao, Quantidade, UnidadeID, FatorProducaoID) VALUES (202, 84, 106, 7,TO_DATE('18/12/2022','dd/mm/yyyy'), 200, 3, null);
INSERT INTO Operacao(OperacaoID, CulturaID, ParcelaID, TipoOperacaoID, DataRealizacao, Quantidade, UnidadeID, FatorProducaoID) VALUES (203, 95, 107, 3,TO_DATE('18/12/2022','dd/mm/yyyy'), 700, 1, null);
INSERT INTO Operacao(OperacaoID, CulturaID, ParcelaID, TipoOperacaoID, DataRealizacao, Quantidade, UnidadeID, FatorProducaoID) VALUES (204, 37, 104, 3,TO_DATE('12/01/2023','dd/mm/yyyy'), 60, 1, null);
INSERT INTO Operacao(OperacaoID, CulturaID, ParcelaID, TipoOperacaoID, DataRealizacao, Quantidade, UnidadeID, FatorProducaoID) VALUES (205, 84, 106, 7,TO_DATE('14/01/2023','dd/mm/yyyy'), 250, 3, null);
INSERT INTO Operacao(OperacaoID, CulturaID, ParcelaID, TipoOperacaoID, DataRealizacao, Quantidade, UnidadeID, FatorProducaoID) VALUES (206, 94, 107, 5,TO_DATE('20/01/2023','dd/mm/yyyy'), 4, 3, 1);
INSERT INTO Operacao(OperacaoID, CulturaID, ParcelaID, TipoOperacaoID, DataRealizacao, Quantidade, UnidadeID, FatorProducaoID) VALUES (207, 95, 107, 5,TO_DATE('20/01/2023','dd/mm/yyyy'), 5, 3, 1);
INSERT INTO Operacao(OperacaoID, CulturaID, ParcelaID, TipoOperacaoID, DataRealizacao, Quantidade, UnidadeID, FatorProducaoID) VALUES (208, 80, 103, 8,TO_DATE('20/03/2023','dd/mm/yyyy'), 1.3, 4, null);

INSERT INTO Produto(ProdutoID, DesignacaoProduto) VALUES (10, 'Prod');
INSERT INTO Operacao_Produto(OperacaoID, ProdutoID, Quantidade, UnidadeID) VALUES (197, 10, 10, NULL);
INSERT INTO Operacao_Produto(OperacaoID, ProdutoID, Quantidade, UnidadeID) VALUES (198, 10, 10, NULL);