INSERT INTO Unidade(UnidadeID, DESCRICAOUNIDADE) VALUES (1, 'un');
INSERT INTO Unidade(UnidadeID, DESCRICAOUNIDADE) VALUES (2, 'kg');
INSERT INTO Unidade(UnidadeID, DESCRICAOUNIDADE) VALUES (3, 'ha');
INSERT INTO Unidade(UnidadeID, DESCRICAOUNIDADE) VALUES (4, 'l/h');
INSERT INTO Unidade(UnidadeID, DESCRICAOUNIDADE) VALUES (5, 'm2');
INSERT INTO Unidade(UnidadeID, DESCRICAOUNIDADE) VALUES (6, 'm3');
INSERT INTO Unidade(UnidadeID, DESCRICAOUNIDADE) VALUES (7, 'min');

INSERT INTO Fabricante(FabricanteID, DesignacaoFabricante) VALUES (1, 'ASCENZA');
INSERT INTO Fabricante(FabricanteID, DesignacaoFabricante) VALUES (2, 'Bayer');
INSERT INTO Fabricante(FabricanteID, DesignacaoFabricante) VALUES (3, 'K+S');
INSERT INTO Fabricante(FabricanteID, DesignacaoFabricante) VALUES (4, 'Biocal');
INSERT INTO Fabricante(FabricanteID, DesignacaoFabricante) VALUES (5, 'Nutrofertil');

INSERT INTO Formato(FormatoID, DescricaoFormato) VALUES (1, 'Pó molhável');
INSERT INTO Formato(FormatoID, DescricaoFormato) VALUES (2, 'Granulado');
INSERT INTO Formato(FormatoID, DescricaoFormato) VALUES (3, 'Pó');
INSERT INTO Formato(FormatoID, DescricaoFormato) VALUES (4, 'Líquido');
INSERT INTO Formato(FormatoID, DescricaoFormato) VALUES (5, 'Emulsão de óleo em água');

INSERT INTO TipoFatorProducao(TipoFatorProducaoID, DescricaoTipoFatorProducao) VALUES (1, 'Fitofármaco');
INSERT INTO TipoFatorProducao(TipoFatorProducaoID, DescricaoTipoFatorProducao) VALUES (2, 'Adubo');
INSERT INTO TipoFatorProducao(TipoFatorProducaoID, DescricaoTipoFatorProducao) VALUES (3, 'Corretor');

INSERT INTO Elemento(ElementoID, Designacao, Simbolo) VALUES (1, 'Cobre', 'CU');
INSERT INTO Elemento(ElementoID, Designacao, Simbolo) VALUES (2, 'Enxofre', 'S');
INSERT INTO Elemento(ElementoID, Designacao, Simbolo) VALUES (3, 'Potássio', 'K');
INSERT INTO Elemento(ElementoID, Designacao, Simbolo) VALUES (4, 'Magnésio', 'Mg');
INSERT INTO Elemento(ElementoID, Designacao, Simbolo) VALUES (5, 'Carbonato de Calcio', 'CaCO3');
INSERT INTO Elemento(ElementoID, Designacao, Simbolo) VALUES (6, 'Bacillus pumilus', 'PDSLzg-1');
INSERT INTO Elemento(ElementoID, Designacao, Simbolo) VALUES (7, 'Ácidos gordos', 'E470a');
INSERT INTO Elemento(ElementoID, Designacao, Simbolo) VALUES (8, 'Terpenóides', 'C5H8');
INSERT INTO Elemento(ElementoID, Designacao, Simbolo) VALUES (9, 'Matéria Orgânica', 'MO');
INSERT INTO Elemento(ElementoID, Designacao, Simbolo) VALUES (10, 'Carbonato de Magnesio', 'MgCO3');
INSERT INTO Elemento(ElementoID, Designacao, Simbolo) VALUES (11, 'Azoto Orgânico', 'N');
INSERT INTO Elemento(ElementoID, Designacao, Simbolo) VALUES (12, 'Boro', 'B');
INSERT INTO Elemento(ElementoID, Designacao, Simbolo) VALUES (13, 'Óxido de Magnésio', 'MgO');
INSERT INTO Elemento(ElementoID, Designacao, Simbolo) VALUES (14, 'Fósforo total', 'P2O5');
INSERT INTO Elemento(ElementoID, Designacao, Simbolo) VALUES (15, 'Manganês', 'Mn');
INSERT INTO Elemento(ElementoID, Designacao, Simbolo) VALUES (16, 'Potássio total', 'K2O');
INSERT INTO Elemento(ElementoID, Designacao, Simbolo) VALUES (17, 'Cálcio total', 'Ca');

INSERT INTO ViaAplicacao(ViaAplicacaoID, DesignacaoViaAplicacao) VALUES (1, 'Fungicida');
INSERT INTO ViaAplicacao(ViaAplicacaoID, DesignacaoViaAplicacao) VALUES (2, 'Solo');
INSERT INTO ViaAplicacao(ViaAplicacaoID, DesignacaoViaAplicacao) VALUES (3, 'Fertirrega');
INSERT INTO ViaAplicacao(ViaAplicacaoID, DesignacaoViaAplicacao) VALUES (4, 'Foliar');
INSERT INTO ViaAplicacao(ViaAplicacaoID, DesignacaoViaAplicacao) VALUES (5, 'Correção solo');
INSERT INTO ViaAplicacao(ViaAplicacaoID, DesignacaoViaAplicacao) VALUES (6, 'Insecticida');

INSERT INTO FatorProducao(FatorProducaoID, NomeComercial, FabricanteID, FormatoID, TipoFatorProducaoID) VALUES (1, 'Calda Bordalesa ASCENZA', 1, 1, 1);
INSERT INTO FatorProducao(FatorProducaoID, NomeComercial, FabricanteID, FormatoID, TipoFatorProducaoID) VALUES (2, 'Enxofre Bayer 80 WG', 2, 1, 1);
INSERT INTO FatorProducao(FatorProducaoID, NomeComercial, FabricanteID, FormatoID, TipoFatorProducaoID) VALUES (3, 'Patentkali', 3, 2, 2);
INSERT INTO FatorProducao(FatorProducaoID, NomeComercial, FabricanteID, FormatoID, TipoFatorProducaoID) VALUES (4, 'ESTA Kieserit', 3, 2, 2);
INSERT INTO FatorProducao(FatorProducaoID, NomeComercial, FabricanteID, FormatoID, TipoFatorProducaoID) VALUES (5, 'EPSO Microtop', 3, 2, 2);
INSERT INTO FatorProducao(FatorProducaoID, NomeComercial, FabricanteID, FormatoID, TipoFatorProducaoID) VALUES (6, 'EPSO Top', 3, 2, 2);
INSERT INTO FatorProducao(FatorProducaoID, NomeComercial, FabricanteID, FormatoID, TipoFatorProducaoID) VALUES (7, 'Biocal CaCo3', 4, 2, 3);
INSERT INTO FatorProducao(FatorProducaoID, NomeComercial, FabricanteID, FormatoID, TipoFatorProducaoID) VALUES (8, 'Biocal Composto', 4, 3, 3);
INSERT INTO FatorProducao(FatorProducaoID, NomeComercial, FabricanteID, FormatoID, TipoFatorProducaoID) VALUES (9, 'Sonata', 2, 4, 1);
INSERT INTO FatorProducao(FatorProducaoID, NomeComercial, FabricanteID, FormatoID, TipoFatorProducaoID) VALUES (10, 'FLiPPER ', 2, 5, 1);
INSERT INTO FatorProducao(FatorProducaoID, NomeComercial, FabricanteID, FormatoID, TipoFatorProducaoID) VALUES (11, 'Requiem Prime', 2, 4, 1);
INSERT INTO FatorProducao(FatorProducaoID, NomeComercial, FabricanteID, FormatoID, TipoFatorProducaoID) VALUES (12, 'Fertimax Extrume de Cavalo', 5, 2, 2);
INSERT INTO FatorProducao(FatorProducaoID, NomeComercial, FabricanteID, FormatoID, TipoFatorProducaoID) VALUES (13, 'Biofertil N6', 5, 2, 2);

INSERT INTO ViaAplicacao_FatorProducao(ViaAplicacaoID, FatorProducaoID) VALUES (1, 1);
INSERT INTO ViaAplicacao_FatorProducao(ViaAplicacaoID, FatorProducaoID) VALUES (1, 2);
INSERT INTO ViaAplicacao_FatorProducao(ViaAplicacaoID, FatorProducaoID) VALUES (2, 3);
INSERT INTO ViaAplicacao_FatorProducao(ViaAplicacaoID, FatorProducaoID) VALUES (2, 4);
INSERT INTO ViaAplicacao_FatorProducao(ViaAplicacaoID, FatorProducaoID) VALUES (3, 5);
INSERT INTO ViaAplicacao_FatorProducao(ViaAplicacaoID, FatorProducaoID) VALUES (4, 6);
INSERT INTO ViaAplicacao_FatorProducao(ViaAplicacaoID, FatorProducaoID) VALUES (5, 7);
INSERT INTO ViaAplicacao_FatorProducao(ViaAplicacaoID, FatorProducaoID) VALUES (5, 8);
INSERT INTO ViaAplicacao_FatorProducao(ViaAplicacaoID, FatorProducaoID) VALUES (1, 9);
INSERT INTO ViaAplicacao_FatorProducao(ViaAplicacaoID, FatorProducaoID) VALUES (6, 10);
INSERT INTO ViaAplicacao_FatorProducao(ViaAplicacaoID, FatorProducaoID) VALUES (6, 11);
INSERT INTO ViaAplicacao_FatorProducao(ViaAplicacaoID, FatorProducaoID) VALUES (2, 12);
INSERT INTO ViaAplicacao_FatorProducao(ViaAplicacaoID, FatorProducaoID) VALUES (2, 13);

INSERT INTO FatorProducao_Elemento(ElementoID, FatorProducaoID, Quantidade) VALUES (1, 1, 20);
INSERT INTO FatorProducao_Elemento(ElementoID, FatorProducaoID, Quantidade) VALUES (2, 2, 80);
INSERT INTO FatorProducao_Elemento(ElementoID, FatorProducaoID, Quantidade) VALUES (3, 3, 24.9);
INSERT INTO FatorProducao_Elemento(ElementoID, FatorProducaoID, Quantidade) VALUES (4, 4, 15.1);
INSERT INTO FatorProducao_Elemento(ElementoID, FatorProducaoID, Quantidade) VALUES (4, 5, 9);
INSERT INTO FatorProducao_Elemento(ElementoID, FatorProducaoID, Quantidade) VALUES (4, 6, 9.6);
INSERT INTO FatorProducao_Elemento(ElementoID, FatorProducaoID, Quantidade) VALUES (5, 7, 88.2);
INSERT INTO FatorProducao_Elemento(ElementoID, FatorProducaoID, Quantidade) VALUES (5, 8, 71.7);
INSERT INTO FatorProducao_Elemento(ElementoID, FatorProducaoID, Quantidade) VALUES (6, 9, 97.74);
INSERT INTO FatorProducao_Elemento(ElementoID, FatorProducaoID, Quantidade) VALUES (7, 10, 47.8);
INSERT INTO FatorProducao_Elemento(ElementoID, FatorProducaoID, Quantidade) VALUES (8, 11, 14.42);
INSERT INTO FatorProducao_Elemento(ElementoID, FatorProducaoID, Quantidade) VALUES (9, 12, 50);
INSERT INTO FatorProducao_Elemento(ElementoID, FatorProducaoID, Quantidade) VALUES (9, 13, 53);
INSERT INTO FatorProducao_Elemento(ElementoID, FatorProducaoID, Quantidade) VALUES (4, 3, 6);
INSERT INTO FatorProducao_Elemento(ElementoID, FatorProducaoID, Quantidade) VALUES (2, 4, 20.8);
INSERT INTO FatorProducao_Elemento(ElementoID, FatorProducaoID, Quantidade) VALUES (2, 5, 12.4);
INSERT INTO FatorProducao_Elemento(ElementoID, FatorProducaoID, Quantidade) VALUES (2, 6, 13);
INSERT INTO FatorProducao_Elemento(ElementoID, FatorProducaoID, Quantidade) VALUES (10, 7, 1.9);
INSERT INTO FatorProducao_Elemento(ElementoID, FatorProducaoID, Quantidade) VALUES (10, 8, 14.8);
INSERT INTO FatorProducao_Elemento(ElementoID, FatorProducaoID, Quantidade) VALUES (11, 12, 3);
INSERT INTO FatorProducao_Elemento(ElementoID, FatorProducaoID, Quantidade) VALUES (11, 13, 6.4);
INSERT INTO FatorProducao_Elemento(ElementoID, FatorProducaoID, Quantidade) VALUES (2, 3, 17.6);
INSERT INTO FatorProducao_Elemento(ElementoID, FatorProducaoID, Quantidade) VALUES (12, 5, 0.9);
INSERT INTO FatorProducao_Elemento(ElementoID, FatorProducaoID, Quantidade) VALUES (13, 8, 7.9);
INSERT INTO FatorProducao_Elemento(ElementoID, FatorProducaoID, Quantidade) VALUES (14, 12, 0.8);
INSERT INTO FatorProducao_Elemento(ElementoID, FatorProducaoID, Quantidade) VALUES (14, 13, 2.5);
INSERT INTO FatorProducao_Elemento(ElementoID, FatorProducaoID, Quantidade) VALUES (15, 5, 1);
INSERT INTO FatorProducao_Elemento(ElementoID, FatorProducaoID, Quantidade) VALUES (16, 12, 0.4);
INSERT INTO FatorProducao_Elemento(ElementoID, FatorProducaoID, Quantidade) VALUES (16, 13, 2.4);
INSERT INTO FatorProducao_Elemento(ElementoID, FatorProducaoID, Quantidade) VALUES (17, 12, 1.6);
INSERT INTO FatorProducao_Elemento(ElementoID, FatorProducaoID, Quantidade) VALUES (17, 13, 6);
INSERT INTO FatorProducao_Elemento(ElementoID, FatorProducaoID, Quantidade) VALUES (13, 12, 0.3);
INSERT INTO FatorProducao_Elemento(ElementoID, FatorProducaoID, Quantidade) VALUES (13, 13, 0.3);
INSERT INTO FatorProducao_Elemento(ElementoID, FatorProducaoID, Quantidade) VALUES (12, 12, 0.004);
INSERT INTO FatorProducao_Elemento(ElementoID, FatorProducaoID, Quantidade) VALUES (12, 13, 0.002);

INSERT INTO TipoCultura(TipoCulturaID, DesignacaoTipoCultura) VALUES (1, 'Permanente');
INSERT INTO TipoCultura(TipoCulturaID, DesignacaoTipoCultura) VALUES (2, 'Temporária');

INSERT INTO EspecieVegetal (EspecieVegetalID, DesignacaoEspecie, NomeComum, TipoCulturaID) VALUES (1, 'Prunus domestica', 'Ameixoeira', 1);
INSERT INTO EspecieVegetal (EspecieVegetalID, DesignacaoEspecie, NomeComum, TipoCulturaID) VALUES (2, 'Prunus armeniaca', 'Damasqueiro', 1);
INSERT INTO EspecieVegetal (EspecieVegetalID, DesignacaoEspecie, NomeComum, TipoCulturaID) VALUES (3, 'Malus domestica', 'Macieira', 1);
INSERT INTO EspecieVegetal (EspecieVegetalID, DesignacaoEspecie, NomeComum, TipoCulturaID) VALUES (4, 'Pyrus pyrifolia', 'Pera Nashi', 1);
INSERT INTO EspecieVegetal (EspecieVegetalID, DesignacaoEspecie, NomeComum, TipoCulturaID) VALUES (5, 'Daucus carota subsp. Sativus', 'Cenoura', 2);
INSERT INTO EspecieVegetal (EspecieVegetalID, DesignacaoEspecie, NomeComum, TipoCulturaID) VALUES (6, 'Lupinus luteus', 'Tremoço', 2);
INSERT INTO EspecieVegetal (EspecieVegetalID, DesignacaoEspecie, NomeComum, TipoCulturaID) VALUES (7, 'Lupinus albus', 'Tremoço', 2);
INSERT INTO EspecieVegetal (EspecieVegetalID, DesignacaoEspecie, NomeComum, TipoCulturaID) VALUES (8, 'Zea mays', 'Milho', 2);
INSERT INTO EspecieVegetal (EspecieVegetalID, DesignacaoEspecie, NomeComum, TipoCulturaID) VALUES (9, 'Brassica rapa', 'Nabo Greleiro', 2);
INSERT INTO EspecieVegetal (EspecieVegetalID, DesignacaoEspecie, NomeComum, TipoCulturaID) VALUES (10, 'Olea europaea', 'Oliveira', 1);
INSERT INTO EspecieVegetal (EspecieVegetalID, DesignacaoEspecie, NomeComum, TipoCulturaID) VALUES (11, 'Vitis vinifera', 'Videira', 2);
INSERT INTO EspecieVegetal (EspecieVegetalID, DesignacaoEspecie, NomeComum, TipoCulturaID) VALUES (12, 'Cucurbita moschata', 'Abóbora Manteiga', 2);

INSERT INTO Cultura(CulturaID, Variedade, EspecieVegetalID) VALUES (1, 'Rainha Claudia Caranguejeira', 1);
INSERT INTO Cultura(CulturaID, Variedade, EspecieVegetalID) VALUES (2, 'President', 1);
INSERT INTO Cultura(CulturaID, Variedade, EspecieVegetalID) VALUES (3, 'Stanley', 1);
INSERT INTO Cultura(CulturaID, Variedade, EspecieVegetalID) VALUES (4, 'Angeleno', 1);
INSERT INTO Cultura(CulturaID, Variedade, EspecieVegetalID) VALUES (5, 'Black Beauty', 1);
INSERT INTO Cultura(CulturaID, Variedade, EspecieVegetalID) VALUES (6, 'Black Star', 1);
INSERT INTO Cultura(CulturaID, Variedade, EspecieVegetalID) VALUES (7, 'Black Gold', 1);
INSERT INTO Cultura(CulturaID, Variedade, EspecieVegetalID) VALUES (8, 'Black Diamond', 1);
INSERT INTO Cultura(CulturaID, Variedade, EspecieVegetalID) VALUES (9, 'Black Amber', 1);
INSERT INTO Cultura(CulturaID, Variedade, EspecieVegetalID) VALUES (10, 'Black Splendor', 1);
INSERT INTO Cultura(CulturaID, Variedade, EspecieVegetalID) VALUES (11, 'Fortuna', 1);
INSERT INTO Cultura(CulturaID, Variedade, EspecieVegetalID) VALUES (12, 'Friar', 1);
INSERT INTO Cultura(CulturaID, Variedade, EspecieVegetalID) VALUES (13, 'El Dorado', 1);
INSERT INTO Cultura(CulturaID, Variedade, EspecieVegetalID) VALUES (14, 'Elephant Heart', 1);
INSERT INTO Cultura(CulturaID, Variedade, EspecieVegetalID) VALUES (15, 'Golden Japan', 1);
INSERT INTO Cultura(CulturaID, Variedade, EspecieVegetalID) VALUES (16, 'Harry Pitchon', 1);
INSERT INTO Cultura(CulturaID, Variedade, EspecieVegetalID) VALUES (17, 'Laetitia', 1);
INSERT INTO Cultura(CulturaID, Variedade, EspecieVegetalID) VALUES (18, 'Metley', 1);
INSERT INTO Cultura(CulturaID, Variedade, EspecieVegetalID) VALUES (19, 'Mirabelle De Nancy', 1);
INSERT INTO Cultura(CulturaID, Variedade, EspecieVegetalID) VALUES (20, 'Queen Rose', 1);
INSERT INTO Cultura(CulturaID, Variedade, EspecieVegetalID) VALUES (21, 'Red Beaut', 1);
INSERT INTO Cultura(CulturaID, Variedade, EspecieVegetalID) VALUES (22, 'Santa Rosa', 1);
INSERT INTO Cultura(CulturaID, Variedade, EspecieVegetalID) VALUES (23, 'Shiro', 1);
INSERT INTO Cultura(CulturaID, Variedade, EspecieVegetalID) VALUES (24, 'Sungold', 1);
INSERT INTO Cultura(CulturaID, Variedade, EspecieVegetalID) VALUES (25, 'Wilson Perfection', 1);
INSERT INTO Cultura(CulturaID, Variedade, EspecieVegetalID) VALUES (26, 'Autumn Giant', 1);
INSERT INTO Cultura(CulturaID, Variedade, EspecieVegetalID) VALUES (27, 'Bulida', 2);
INSERT INTO Cultura(CulturaID, Variedade, EspecieVegetalID) VALUES (28, 'Canino', 2);
INSERT INTO Cultura(CulturaID, Variedade, EspecieVegetalID) VALUES (29, 'Liabaud', 2);
INSERT INTO Cultura(CulturaID, Variedade, EspecieVegetalID) VALUES (30, 'Maillot Jaune', 2);
INSERT INTO Cultura(CulturaID, Variedade, EspecieVegetalID) VALUES (31, 'Polonais', 2);
INSERT INTO Cultura(CulturaID, Variedade, EspecieVegetalID) VALUES (32, 'Akane', 3);
INSERT INTO Cultura(CulturaID, Variedade, EspecieVegetalID) VALUES (33, 'Belgolden', 3);
INSERT INTO Cultura(CulturaID, Variedade, EspecieVegetalID) VALUES (34, 'Bravo De Esmolfe', 3);
INSERT INTO Cultura(CulturaID, Variedade, EspecieVegetalID) VALUES (35, 'Casa Nova De Alcobaça', 3);
INSERT INTO Cultura(CulturaID, Variedade, EspecieVegetalID) VALUES (36, 'Erovan', 3);
INSERT INTO Cultura(CulturaID, Variedade, EspecieVegetalID) VALUES (37, 'Fuji', 3);
INSERT INTO Cultura(CulturaID, Variedade, EspecieVegetalID) VALUES (38, 'Granny Smith', 3);
INSERT INTO Cultura(CulturaID, Variedade, EspecieVegetalID) VALUES (39, 'Golden Delicious', 3);
INSERT INTO Cultura(CulturaID, Variedade, EspecieVegetalID) VALUES (40, 'Hi-Early', 3);
INSERT INTO Cultura(CulturaID, Variedade, EspecieVegetalID) VALUES (41, 'Jonagored', 3);
INSERT INTO Cultura(CulturaID, Variedade, EspecieVegetalID) VALUES (42, 'Lysgolden', 3);
INSERT INTO Cultura(CulturaID, Variedade, EspecieVegetalID) VALUES (43, 'Mutsu', 3);
INSERT INTO Cultura(CulturaID, Variedade, EspecieVegetalID) VALUES (44, 'Porta Da Loja', 3);
INSERT INTO Cultura(CulturaID, Variedade, EspecieVegetalID) VALUES (45, 'Canada', 3);
INSERT INTO Cultura(CulturaID, Variedade, EspecieVegetalID) VALUES (46, 'Grand Fay', 3);
INSERT INTO Cultura(CulturaID, Variedade, EspecieVegetalID) VALUES (47, 'Riscadinha De Palmela', 3);
INSERT INTO Cultura(CulturaID, Variedade, EspecieVegetalID) VALUES (48, 'Royal Gala', 3);
INSERT INTO Cultura(CulturaID, Variedade, EspecieVegetalID) VALUES (49, 'Redchief', 3);
INSERT INTO Cultura(CulturaID, Variedade, EspecieVegetalID) VALUES (50, 'Starking', 3);
INSERT INTO Cultura(CulturaID, Variedade, EspecieVegetalID) VALUES (51, 'Summer Red', 3);
INSERT INTO Cultura(CulturaID, Variedade, EspecieVegetalID) VALUES (52, 'Wellspur Delicious', 3);
INSERT INTO Cultura(CulturaID, Variedade, EspecieVegetalID) VALUES (53, 'Noiva', 3);
INSERT INTO Cultura(CulturaID, Variedade, EspecieVegetalID) VALUES (54, 'Olho Aberto', 3);
INSERT INTO Cultura(CulturaID, Variedade, EspecieVegetalID) VALUES (55, 'Camoesa Rosa', 3);
INSERT INTO Cultura(CulturaID, Variedade, EspecieVegetalID) VALUES (56, 'Malápio', 3);
INSERT INTO Cultura(CulturaID, Variedade, EspecieVegetalID) VALUES (57, 'Gronho Doce', 3);
INSERT INTO Cultura(CulturaID, Variedade, EspecieVegetalID) VALUES (58, 'Pé De Boi ', 3);
INSERT INTO Cultura(CulturaID, Variedade, EspecieVegetalID) VALUES (59, 'Pinova', 3);
INSERT INTO Cultura(CulturaID, Variedade, EspecieVegetalID) VALUES (60, 'Pardo Lindo', 3);
INSERT INTO Cultura(CulturaID, Variedade, EspecieVegetalID) VALUES (61, 'Pipo De Basto', 3);
INSERT INTO Cultura(CulturaID, Variedade, EspecieVegetalID) VALUES (62, 'Prima', 3);
INSERT INTO Cultura(CulturaID, Variedade, EspecieVegetalID) VALUES (63, 'Querina', 3);
INSERT INTO Cultura(CulturaID, Variedade, EspecieVegetalID) VALUES (64, 'Vista Bella', 3);
INSERT INTO Cultura(CulturaID, Variedade, EspecieVegetalID) VALUES (65, 'Golden Smoothee', 3);
INSERT INTO Cultura(CulturaID, Variedade, EspecieVegetalID) VALUES (66, 'Golden Suprema', 3);
INSERT INTO Cultura(CulturaID, Variedade, EspecieVegetalID) VALUES (67, 'Gloster 69', 3);
INSERT INTO Cultura(CulturaID, Variedade, EspecieVegetalID) VALUES (68, 'Freedom', 3);
INSERT INTO Cultura(CulturaID, Variedade, EspecieVegetalID) VALUES (69, 'Sninseiki', 4);
INSERT INTO Cultura(CulturaID, Variedade, EspecieVegetalID) VALUES (70, 'Kumoi', 4);
INSERT INTO Cultura(CulturaID, Variedade, EspecieVegetalID) VALUES (71, 'Hosui', 4);
INSERT INTO Cultura(CulturaID, Variedade, EspecieVegetalID) VALUES (72, 'Nijisseiki', 4);
INSERT INTO Cultura(CulturaID, Variedade, EspecieVegetalID) VALUES (73, 'Carson Hybrid', 5);
INSERT INTO Cultura(CulturaID, Variedade, EspecieVegetalID) VALUES (74, 'Red Cored Chantenay', 5);
INSERT INTO Cultura(CulturaID, Variedade, EspecieVegetalID) VALUES (75, 'Danvers Half Long', 5);
INSERT INTO Cultura(CulturaID, Variedade, EspecieVegetalID) VALUES (76, 'Imperator 58', 5);
INSERT INTO Cultura(CulturaID, Variedade, EspecieVegetalID) VALUES (77, 'Sugarsnax Hybrid', 5);
INSERT INTO Cultura(CulturaID, Variedade, EspecieVegetalID) VALUES (78, 'Nelson Hybrid', 5);
INSERT INTO Cultura(CulturaID, Variedade, EspecieVegetalID) VALUES (79, 'Scarlet Nantes', 5);
INSERT INTO Cultura(CulturaID, Variedade, EspecieVegetalID) VALUES (80, 'Amarelo', 6);
INSERT INTO Cultura(CulturaID, Variedade, EspecieVegetalID) VALUES (81, 'Branco', 7);
INSERT INTO Cultura(CulturaID, Variedade, EspecieVegetalID) VALUES (82, 'Mas 24.C', 8);
INSERT INTO Cultura(CulturaID, Variedade, EspecieVegetalID) VALUES (83, 'Doce Golden Bantam', 8);
INSERT INTO Cultura(CulturaID, Variedade, EspecieVegetalID) VALUES (84, 'Senhora Conceição', 9);
INSERT INTO Cultura(CulturaID, Variedade, EspecieVegetalID) VALUES (85, 'Cobrançosa', 10);
INSERT INTO Cultura(CulturaID, Variedade, EspecieVegetalID) VALUES (86, 'Arbequina', 10);
INSERT INTO Cultura(CulturaID, Variedade, EspecieVegetalID) VALUES (87, 'Hojiblanca', 10);
INSERT INTO Cultura(CulturaID, Variedade, EspecieVegetalID) VALUES (88, 'Negrinha Do Freixo', 10);
INSERT INTO Cultura(CulturaID, Variedade, EspecieVegetalID) VALUES (89, 'Picual', 10);
INSERT INTO Cultura(CulturaID, Variedade, EspecieVegetalID) VALUES (90, 'Maçanilha', 10);
INSERT INTO Cultura(CulturaID, Variedade, EspecieVegetalID) VALUES (91, 'Conserva De Elvas', 10);
INSERT INTO Cultura(CulturaID, Variedade, EspecieVegetalID) VALUES (92, 'Galega', 10);
INSERT INTO Cultura(CulturaID, Variedade, EspecieVegetalID) VALUES (93, 'S. Cosme', 9);
INSERT INTO Cultura(CulturaID, Variedade, EspecieVegetalID) VALUES (94, 'Dona Maria', 11);
INSERT INTO Cultura(CulturaID, Variedade, EspecieVegetalID) VALUES (95, 'Cardinal', 11);
INSERT INTO Cultura(CulturaID, Variedade, EspecieVegetalID) VALUES (96, 'Macieira', 3);
INSERT INTO Cultura(CulturaID, Variedade, EspecieVegetalID) VALUES (97, 'Videira', 11);
INSERT INTO Cultura(CulturaID, Variedade, EspecieVegetalID) VALUES (98, 'Butternut', 12);

INSERT INTO Produto(ProdutoID, DesignacaoProduto, CulturaID) VALUES (1, 'Ameixa Rainha Claudia Caranguejeira', 1);
INSERT INTO Produto(ProdutoID, DesignacaoProduto, CulturaID) VALUES (2, 'Ameixa President', 2);
INSERT INTO Produto(ProdutoID, DesignacaoProduto, CulturaID) VALUES (3, 'Ameixa Stanley', 3);
INSERT INTO Produto(ProdutoID, DesignacaoProduto, CulturaID) VALUES (4, 'Ameixa Angeleno', 4);
INSERT INTO Produto(ProdutoID, DesignacaoProduto, CulturaID) VALUES (5, 'Ameixa Black Beauty', 5);
INSERT INTO Produto(ProdutoID, DesignacaoProduto, CulturaID) VALUES (6, 'Ameixa Black Star', 6);
INSERT INTO Produto(ProdutoID, DesignacaoProduto, CulturaID) VALUES (7, 'Ameixa Black Gold', 7);
INSERT INTO Produto(ProdutoID, DesignacaoProduto, CulturaID) VALUES (8, 'Ameixa Black Diamond', 8);
INSERT INTO Produto(ProdutoID, DesignacaoProduto, CulturaID) VALUES (9, 'Ameixa Black Amber', 9);
INSERT INTO Produto(ProdutoID, DesignacaoProduto, CulturaID) VALUES (10, 'Ameixa Black Splendor', 10);
INSERT INTO Produto(ProdutoID, DesignacaoProduto, CulturaID) VALUES (11, 'Ameixa Fortuna', 11);
INSERT INTO Produto(ProdutoID, DesignacaoProduto, CulturaID) VALUES (12, 'Ameixa Friar', 12);
INSERT INTO Produto(ProdutoID, DesignacaoProduto, CulturaID) VALUES (13, 'Ameixa El Dorado', 13);
INSERT INTO Produto(ProdutoID, DesignacaoProduto, CulturaID) VALUES (14, 'Ameixa Elephant Heart', 14);
INSERT INTO Produto(ProdutoID, DesignacaoProduto, CulturaID) VALUES (15, 'Ameixa Golden Japan', 15);
INSERT INTO Produto(ProdutoID, DesignacaoProduto, CulturaID) VALUES (16, 'Ameixa Harry Pitchon', 16);
INSERT INTO Produto(ProdutoID, DesignacaoProduto, CulturaID) VALUES (17, 'Ameixa Laetitia', 17);
INSERT INTO Produto(ProdutoID, DesignacaoProduto, CulturaID) VALUES (18, 'Ameixa Metley', 18);
INSERT INTO Produto(ProdutoID, DesignacaoProduto, CulturaID) VALUES (19, 'Ameixa Mirabelle De Nancy', 19);
INSERT INTO Produto(ProdutoID, DesignacaoProduto, CulturaID) VALUES (20, 'Ameixa Queen Rose', 20);
INSERT INTO Produto(ProdutoID, DesignacaoProduto, CulturaID) VALUES (21, 'Ameixa Red Beaut', 21);
INSERT INTO Produto(ProdutoID, DesignacaoProduto, CulturaID) VALUES (22, 'Ameixa Santa Rosa', 22);
INSERT INTO Produto(ProdutoID, DesignacaoProduto, CulturaID) VALUES (23, 'Ameixa Shiro', 23);
INSERT INTO Produto(ProdutoID, DesignacaoProduto, CulturaID) VALUES (24, 'Ameixa Sungold', 24);
INSERT INTO Produto(ProdutoID, DesignacaoProduto, CulturaID) VALUES (25, 'Ameixa Wilson Perfection', 25);
INSERT INTO Produto(ProdutoID, DesignacaoProduto, CulturaID) VALUES (26, 'Ameixa Autumn Giant', 26);
INSERT INTO Produto(ProdutoID, DesignacaoProduto, CulturaID) VALUES (27, 'Damasco Bulida', 27);
INSERT INTO Produto(ProdutoID, DesignacaoProduto, CulturaID) VALUES (28, 'Damasco Canino', 28);
INSERT INTO Produto(ProdutoID, DesignacaoProduto, CulturaID) VALUES (29, 'Damasco Liabaud', 29);
INSERT INTO Produto(ProdutoID, DesignacaoProduto, CulturaID) VALUES (30, 'Damasco Maillot Jaune', 30);
INSERT INTO Produto(ProdutoID, DesignacaoProduto, CulturaID) VALUES (31, 'Damasco Polonais', 31);
INSERT INTO Produto(ProdutoID, DesignacaoProduto, CulturaID) VALUES (32, 'Maçã Akane', 32);
INSERT INTO Produto(ProdutoID, DesignacaoProduto, CulturaID) VALUES (33, 'Maçã Belgolden', 33);
INSERT INTO Produto(ProdutoID, DesignacaoProduto, CulturaID) VALUES (34, 'Maçã Bravo De Esmolfe', 34);
INSERT INTO Produto(ProdutoID, DesignacaoProduto, CulturaID) VALUES (35, 'Maçã Casa Nova De Alcobaça', 35);
INSERT INTO Produto(ProdutoID, DesignacaoProduto, CulturaID) VALUES (36, 'Maçã Erovan', 36);
INSERT INTO Produto(ProdutoID, DesignacaoProduto, CulturaID) VALUES (37, 'Maçã Fuji', 37);
INSERT INTO Produto(ProdutoID, DesignacaoProduto, CulturaID) VALUES (38, 'Maçã Granny Smith', 38);
INSERT INTO Produto(ProdutoID, DesignacaoProduto, CulturaID) VALUES (39, 'Maçã Golden Delicious', 39);
INSERT INTO Produto(ProdutoID, DesignacaoProduto, CulturaID) VALUES (40, 'Maçã Hi-Early', 40);
INSERT INTO Produto(ProdutoID, DesignacaoProduto, CulturaID) VALUES (41, 'Maçã Jonagored', 41);
INSERT INTO Produto(ProdutoID, DesignacaoProduto, CulturaID) VALUES (42, 'Maçã Lysgolden', 42);
INSERT INTO Produto(ProdutoID, DesignacaoProduto, CulturaID) VALUES (43, 'Maçã Mutsu', 43);
INSERT INTO Produto(ProdutoID, DesignacaoProduto, CulturaID) VALUES (44, 'Maçã Porta Da Loja', 44);
INSERT INTO Produto(ProdutoID, DesignacaoProduto, CulturaID) VALUES (45, 'Maçã Reinette Ou Canada', 45);
INSERT INTO Produto(ProdutoID, DesignacaoProduto, CulturaID) VALUES (46, 'Maçã Reinette Ou Grand Fay', 46);
INSERT INTO Produto(ProdutoID, DesignacaoProduto, CulturaID) VALUES (47, 'Maçã Riscadinha De Palmela', 47);
INSERT INTO Produto(ProdutoID, DesignacaoProduto, CulturaID) VALUES (48, 'Maçã Royal Gala', 48);
INSERT INTO Produto(ProdutoID, DesignacaoProduto, CulturaID) VALUES (49, 'Maçã Redchief', 49);
INSERT INTO Produto(ProdutoID, DesignacaoProduto, CulturaID) VALUES (50, 'Maçã Starking', 50);
INSERT INTO Produto(ProdutoID, DesignacaoProduto, CulturaID) VALUES (51, 'Maçã Summer Red', 51);
INSERT INTO Produto(ProdutoID, DesignacaoProduto, CulturaID) VALUES (52, 'Maçã Wellspur Delicious', 52);
INSERT INTO Produto(ProdutoID, DesignacaoProduto, CulturaID) VALUES (53, 'Maçã Noiva', 53);
INSERT INTO Produto(ProdutoID, DesignacaoProduto, CulturaID) VALUES (54, 'Maçã Olho Aberto', 54);
INSERT INTO Produto(ProdutoID, DesignacaoProduto, CulturaID) VALUES (55, 'Maçã Camoesa Rosa', 55);
INSERT INTO Produto(ProdutoID, DesignacaoProduto, CulturaID) VALUES (56, 'Maçã Malápio', 56);
INSERT INTO Produto(ProdutoID, DesignacaoProduto, CulturaID) VALUES (57, 'Maçã Gronho Doce', 57);
INSERT INTO Produto(ProdutoID, DesignacaoProduto, CulturaID) VALUES (58, 'Maçã Pé De Boi', 58);
INSERT INTO Produto(ProdutoID, DesignacaoProduto, CulturaID) VALUES (59, 'Maçã Pinova', 59);
INSERT INTO Produto(ProdutoID, DesignacaoProduto, CulturaID) VALUES (60, 'Maçã Pardo Lindo', 60);
INSERT INTO Produto(ProdutoID, DesignacaoProduto, CulturaID) VALUES (61, 'Maçã Pipo De Basto', 61);
INSERT INTO Produto(ProdutoID, DesignacaoProduto, CulturaID) VALUES (62, 'Maçã Prima', 62);
INSERT INTO Produto(ProdutoID, DesignacaoProduto, CulturaID) VALUES (63, 'Maçã Querina', 63);
INSERT INTO Produto(ProdutoID, DesignacaoProduto, CulturaID) VALUES (64, 'Maçã Vista Bella', 64);
INSERT INTO Produto(ProdutoID, DesignacaoProduto, CulturaID) VALUES (65, 'Maçã Golden Smoothee', 65);
INSERT INTO Produto(ProdutoID, DesignacaoProduto, CulturaID) VALUES (66, 'Maçã Golden Suprema', 66);
INSERT INTO Produto(ProdutoID, DesignacaoProduto, CulturaID) VALUES (67, 'Maçã Gloster 69', 67);
INSERT INTO Produto(ProdutoID, DesignacaoProduto, CulturaID) VALUES (68, 'Maçã Freedom', 68);
INSERT INTO Produto(ProdutoID, DesignacaoProduto, CulturaID) VALUES (69, 'Pera Nashi Sninseiki', 69);
INSERT INTO Produto(ProdutoID, DesignacaoProduto, CulturaID) VALUES (70, 'Pera Nashi Kumoi', 70);
INSERT INTO Produto(ProdutoID, DesignacaoProduto, CulturaID) VALUES (71, 'Pera Nashi Hosui', 71);
INSERT INTO Produto(ProdutoID, DesignacaoProduto, CulturaID) VALUES (72, 'Pera Nashi Nijisseiki', 72);
INSERT INTO Produto(ProdutoID, DesignacaoProduto, CulturaID) VALUES (73, 'Cenoura Carson Hybrid', 73);
INSERT INTO Produto(ProdutoID, DesignacaoProduto, CulturaID) VALUES (74, 'Cenoura Red Cored Chantenay', 74);
INSERT INTO Produto(ProdutoID, DesignacaoProduto, CulturaID) VALUES (75, 'Cenoura Danvers Half Long', 75);
INSERT INTO Produto(ProdutoID, DesignacaoProduto, CulturaID) VALUES (76, 'Cenoura Imperator 58', 76);
INSERT INTO Produto(ProdutoID, DesignacaoProduto, CulturaID) VALUES (77, 'Cenoura Sugarsnax Hybrid', 77);
INSERT INTO Produto(ProdutoID, DesignacaoProduto, CulturaID) VALUES (78, 'Cenoura Nelson Hybrid', 78);
INSERT INTO Produto(ProdutoID, DesignacaoProduto, CulturaID) VALUES (79, 'Cenoura Scarlet Nantes', 79);
INSERT INTO Produto(ProdutoID, DesignacaoProduto, CulturaID) VALUES (80, 'Tremoço Amarelo', 80);
INSERT INTO Produto(ProdutoID, DesignacaoProduto, CulturaID) VALUES (81, 'Tremoço Branco', 81);
INSERT INTO Produto(ProdutoID, DesignacaoProduto, CulturaID) VALUES (82, 'Milho Mas 24.C', 82);
INSERT INTO Produto(ProdutoID, DesignacaoProduto, CulturaID) VALUES (83, 'Milho Doce Golden Bantam', 83);
INSERT INTO Produto(ProdutoID, DesignacaoProduto, CulturaID) VALUES (84, 'Nabo Greleiro Senhora Conceição', 84);
INSERT INTO Produto(ProdutoID, DesignacaoProduto, CulturaID) VALUES (85, 'Azeitona Cobrançosa', 85);
INSERT INTO Produto(ProdutoID, DesignacaoProduto, CulturaID) VALUES (86, 'Azeitona Arbequina', 86);
INSERT INTO Produto(ProdutoID, DesignacaoProduto, CulturaID) VALUES (87, 'Azeitona Hojiblanca', 87);
INSERT INTO Produto(ProdutoID, DesignacaoProduto, CulturaID) VALUES (88, 'Azeitona Negrinha Do Freixo', 88);
INSERT INTO Produto(ProdutoID, DesignacaoProduto, CulturaID) VALUES (89, 'Azeitona Picual', 89);
INSERT INTO Produto(ProdutoID, DesignacaoProduto, CulturaID) VALUES (90, 'Azeitona Maçanilha', 90);
INSERT INTO Produto(ProdutoID, DesignacaoProduto, CulturaID) VALUES (91, 'Azeitona Conserva De Elvas', 91);
INSERT INTO Produto(ProdutoID, DesignacaoProduto, CulturaID) VALUES (92, 'Azeitona Galega', 92);
INSERT INTO Produto(ProdutoID, DesignacaoProduto, CulturaID) VALUES (93, 'Nabo S. Cosme', 93);
INSERT INTO Produto(ProdutoID, DesignacaoProduto, CulturaID) VALUES (94, 'Uva Dona Maria', 94);
INSERT INTO Produto(ProdutoID, DesignacaoProduto, CulturaID) VALUES (95, 'Uva Cardinal', 95);
INSERT INTO Produto(ProdutoID, DesignacaoProduto, CulturaID) VALUES (96, 'Maçã', 96);
INSERT INTO Produto(ProdutoID, DesignacaoProduto, CulturaID) VALUES (97, 'Uva', 97);
INSERT INTO Produto(ProdutoID, DesignacaoProduto, CulturaID) VALUES (98, 'Abóbora Manteiga Butternut', 98);

INSERT INTO TipoEdificio(TipoEdificioID, DesignacaoTipoEdificio) VALUES (1, 'Armazém');
INSERT INTO TipoEdificio(TipoEdificioID, DesignacaoTipoEdificio) VALUES (2, 'Garagem');
INSERT INTO TipoEdificio(TipoEdificioID, DesignacaoTipoEdificio) VALUES (3, 'Moinho');
INSERT INTO TipoEdificio(TipoEdificioID, DesignacaoTipoEdificio) VALUES (4, 'Rega');

INSERT INTO Parcela(ParcelaID, Designacao, Area, UnidadeID) VALUES (101, 'Campo da Bouça', 1.2, 3 );
INSERT INTO Parcela(ParcelaID, Designacao, Area, UnidadeID) VALUES (102, 'Campo Grande', 3, 3 );
INSERT INTO Parcela(ParcelaID, Designacao, Area, UnidadeID) VALUES (103, 'Campo do Poço', 1.5, 3 );
INSERT INTO Parcela(ParcelaID, Designacao, Area, UnidadeID) VALUES (104, 'Lameiro da Ponte', 0.8, 3 );
INSERT INTO Parcela(ParcelaID, Designacao, Area, UnidadeID) VALUES (105, 'Lameiro do Moinho', 1.1, 3 );
INSERT INTO Parcela(ParcelaID, Designacao, Area, UnidadeID) VALUES (106, 'Horta Nova', 0.3, 3 );
INSERT INTO Parcela(ParcelaID, Designacao, Area, UnidadeID) VALUES (107, 'Vinha', 2, 3 );
INSERT INTO Parcela(ParcelaID, Designacao, Area, UnidadeID) VALUES (108, 'Campo Novo', 1.1, 3 );

INSERT INTO Edificio(EdificioID, DesignacaoEdificio, Area, TipoEdificioID, UnidadeID) VALUES (201, 'Espigueiro', 600, 1, 5);
INSERT INTO Edificio(EdificioID, DesignacaoEdificio, Area, TipoEdificioID, UnidadeID) VALUES (202, 'Armazém novo', 800, 1, 5);
INSERT INTO Edificio(EdificioID, DesignacaoEdificio, Area, TipoEdificioID, UnidadeID) VALUES (203, 'Armazém grande', 900, 2, 5);
INSERT INTO Edificio(EdificioID, DesignacaoEdificio, Area, TipoEdificioID, UnidadeID) VALUES (250, 'Moinho', 0, 3, null);
INSERT INTO Edificio(EdificioID, DesignacaoEdificio, Area, TipoEdificioID, UnidadeID) VALUES (301, 'Tanque do campo grande', 18, 4, 6);
INSERT INTO Edificio(EdificioID, DesignacaoEdificio, Area, TipoEdificioID, UnidadeID) VALUES (302, 'Poço da bouça', 35, 4, 6);

INSERT INTO Setor(SetorID, Caudal, DataInicio, DataFim, FormaDispersaoID) VALUES(10, 2500, TO_DATE('01/05/2017','dd/mm/yyyy'), TO_DATE('','dd/mm/yyyy'), null);
INSERT INTO Setor(SetorID, Caudal, DataInicio, DataFim, FormaDispersaoID) VALUES(11, 1500, TO_DATE('01/05/2017','dd/mm/yyyy'), TO_DATE('','dd/mm/yyyy'), null);
INSERT INTO Setor(SetorID, Caudal, DataInicio, DataFim, FormaDispersaoID) VALUES(21, 3500, TO_DATE('01/05/2017','dd/mm/yyyy'), TO_DATE('','dd/mm/yyyy'), null);
INSERT INTO Setor(SetorID, Caudal, DataInicio, DataFim, FormaDispersaoID) VALUES(22, 3500, TO_DATE('01/05/2019','dd/mm/yyyy'), TO_DATE('','dd/mm/yyyy'), null);
INSERT INTO Setor(SetorID, Caudal, DataInicio, DataFim, FormaDispersaoID) VALUES(41, 2500, TO_DATE('01/04/2023','dd/mm/yyyy'), TO_DATE('10/10/2023','dd/mm/yyyy'), null);
INSERT INTO Setor(SetorID, Caudal, DataInicio, DataFim, FormaDispersaoID) VALUES(42, 3500, TO_DATE('01/04/2023','dd/mm/yyyy'), TO_DATE('10/10/2023','dd/mm/yyyy'), null);

INSERT INTO Setor_Parcela(SetorID, ParcelaID) VALUES (10, 102);
INSERT INTO Setor_Parcela(SetorID, ParcelaID) VALUES (11, 102);
INSERT INTO Setor_Parcela(SetorID, ParcelaID) VALUES (21, 104);
INSERT INTO Setor_Parcela(SetorID, ParcelaID) VALUES (21, 105);
INSERT INTO Setor_Parcela(SetorID, ParcelaID) VALUES (22, 105);
INSERT INTO Setor_Parcela(SetorID, ParcelaID) VALUES (41, 108);
INSERT INTO Setor_Parcela(SetorID, ParcelaID) VALUES (42, 108);

INSERT INTO Cultivo(CultivoID, CulturaID, ParcelaID, DataInicio, DataFim, Quantidade, UnidadeID, EstadoFenologicoID) VALUES (1, '', 103,TO_DATE('30/03/2020','dd/mm/yyyy'), TO_DATE('', 'dd/mm/yyyy'), 1.5, 3, '');
INSERT INTO Cultivo(CultivoID, CulturaID, ParcelaID, DataInicio, DataFim, Quantidade, UnidadeID, EstadoFenologicoID) VALUES (2, '', 105,TO_DATE('01/01/2019','dd/mm/yyyy'), TO_DATE('', 'dd/mm/yyyy'), 1.1, 3, '');
INSERT INTO Cultivo(CultivoID, CulturaID, ParcelaID, DataInicio, DataFim, Quantidade, UnidadeID, EstadoFenologicoID) VALUES (3, '', 108,TO_DATE('01/04/2023','dd/mm/yyyy'), TO_DATE('', 'dd/mm/yyyy'), 1.1, 3, '');
INSERT INTO Cultivo(CultivoID, CulturaID, ParcelaID, DataInicio, DataFim, Quantidade, UnidadeID, EstadoFenologicoID) VALUES (4, 80, 101,TO_DATE('10/10/2020','dd/mm/yyyy'), TO_DATE('30/03/2021', 'dd/mm/yyyy'), 1.1, 3, '');
INSERT INTO Cultivo(CultivoID, CulturaID, ParcelaID, DataInicio, DataFim, Quantidade, UnidadeID, EstadoFenologicoID) VALUES (5, 83, 101,TO_DATE('10/04/2021','dd/mm/yyyy'), TO_DATE('12/08/2021', 'dd/mm/yyyy'), 0.9, 3, '');
INSERT INTO Cultivo(CultivoID, CulturaID, ParcelaID, DataInicio, DataFim, Quantidade, UnidadeID, EstadoFenologicoID) VALUES (6, 80, 101,TO_DATE('03/10/2021','dd/mm/yyyy'), TO_DATE('05/04/2022', 'dd/mm/yyyy'), 1.1, 3, '');
INSERT INTO Cultivo(CultivoID, CulturaID, ParcelaID, DataInicio, DataFim, Quantidade, UnidadeID, EstadoFenologicoID) VALUES (7, 83, 101,TO_DATE('15/04/2022','dd/mm/yyyy'), TO_DATE('21/08/2022', 'dd/mm/yyyy'), 0.9, 3, '');
INSERT INTO Cultivo(CultivoID, CulturaID, ParcelaID, DataInicio, DataFim, Quantidade, UnidadeID, EstadoFenologicoID) VALUES (8, 82, 103,TO_DATE('05/04/2020','dd/mm/yyyy'), TO_DATE('20/08/2020', 'dd/mm/yyyy'), 1.2, 3, '');
INSERT INTO Cultivo(CultivoID, CulturaID, ParcelaID, DataInicio, DataFim, Quantidade, UnidadeID, EstadoFenologicoID) VALUES (9, 80, 103,TO_DATE('12/10/2020','dd/mm/yyyy'), TO_DATE('15/03/2021', 'dd/mm/yyyy'), 1.3, 3, '');
INSERT INTO Cultivo(CultivoID, CulturaID, ParcelaID, DataInicio, DataFim, Quantidade, UnidadeID, EstadoFenologicoID) VALUES (10, 82, 103,TO_DATE('03/04/2021','dd/mm/yyyy'), TO_DATE('25/08/2021', 'dd/mm/yyyy'), 1.2, 3, '');
INSERT INTO Cultivo(CultivoID, CulturaID, ParcelaID, DataInicio, DataFim, Quantidade, UnidadeID, EstadoFenologicoID) VALUES (11, 80, 103,TO_DATE('06/10/2021','dd/mm/yyyy'), TO_DATE('19/03/2022', 'dd/mm/yyyy'), 1.3, 3, '');
INSERT INTO Cultivo(CultivoID, CulturaID, ParcelaID, DataInicio, DataFim, Quantidade, UnidadeID, EstadoFenologicoID) VALUES (12, 82, 103,TO_DATE('08/04/2022','dd/mm/yyyy'), TO_DATE('18/08/2022', 'dd/mm/yyyy'), 1.2, 3, '');
INSERT INTO Cultivo(CultivoID, CulturaID, ParcelaID, DataInicio, DataFim, Quantidade, UnidadeID, EstadoFenologicoID) VALUES (13, 80, 103,TO_DATE('12/10/2022','dd/mm/yyyy'), TO_DATE('20/03/2023', 'dd/mm/yyyy'), 1.3, 3, '');
INSERT INTO Cultivo(CultivoID, CulturaID, ParcelaID, DataInicio, DataFim, Quantidade, UnidadeID, EstadoFenologicoID) VALUES (14, 92, 102,TO_DATE('06/10/2016','dd/mm/yyyy'), TO_DATE('', 'dd/mm/yyyy'), 30, 1, '');
INSERT INTO Cultivo(CultivoID, CulturaID, ParcelaID, DataInicio, DataFim, Quantidade, UnidadeID, EstadoFenologicoID) VALUES (15, 89, 102,TO_DATE('10/10/2016','dd/mm/yyyy'), TO_DATE('', 'dd/mm/yyyy'), 20, 1, '');
INSERT INTO Cultivo(CultivoID, CulturaID, ParcelaID, DataInicio, DataFim, Quantidade, UnidadeID, EstadoFenologicoID) VALUES (16, 79, 106,TO_DATE('10/03/2020','dd/mm/yyyy'), TO_DATE('15/05/2020', 'dd/mm/yyyy'), 0.15, 3, '');
INSERT INTO Cultivo(CultivoID, CulturaID, ParcelaID, DataInicio, DataFim, Quantidade, UnidadeID, EstadoFenologicoID) VALUES (17, 78, 106,TO_DATE('02/06/2020','dd/mm/yyyy'), TO_DATE('08/09/2020', 'dd/mm/yyyy'), 0.1, 3, '');
INSERT INTO Cultivo(CultivoID, CulturaID, ParcelaID, DataInicio, DataFim, Quantidade, UnidadeID, EstadoFenologicoID) VALUES (18, 93, 106,TO_DATE('20/09/2020','dd/mm/yyyy'), TO_DATE('10/01/2021', 'dd/mm/yyyy'), 0.2, 3, '');
INSERT INTO Cultivo(CultivoID, CulturaID, ParcelaID, DataInicio, DataFim, Quantidade, UnidadeID, EstadoFenologicoID) VALUES (19, 77, 106,TO_DATE('10/03/2021','dd/mm/yyyy'), TO_DATE('15/05/2021', 'dd/mm/yyyy'), 0.15, 3, '');
INSERT INTO Cultivo(CultivoID, CulturaID, ParcelaID, DataInicio, DataFim, Quantidade, UnidadeID, EstadoFenologicoID) VALUES (20, 75, 106,TO_DATE('02/06/2021','dd/mm/yyyy'), TO_DATE('08/09/2021', 'dd/mm/yyyy'), 0.1, 3, '');
INSERT INTO Cultivo(CultivoID, CulturaID, ParcelaID, DataInicio, DataFim, Quantidade, UnidadeID, EstadoFenologicoID) VALUES (21, 93, 106,TO_DATE('20/09/2021','dd/mm/yyyy'), TO_DATE('10/01/2022', 'dd/mm/yyyy'), 0.2, 3, '');
INSERT INTO Cultivo(CultivoID, CulturaID, ParcelaID, DataInicio, DataFim, Quantidade, UnidadeID, EstadoFenologicoID) VALUES (22, 77, 106,TO_DATE('06/03/2022','dd/mm/yyyy'), TO_DATE('16/05/2022', 'dd/mm/yyyy'), 0.15, 3, '');
INSERT INTO Cultivo(CultivoID, CulturaID, ParcelaID, DataInicio, DataFim, Quantidade, UnidadeID, EstadoFenologicoID) VALUES (23, 78, 106,TO_DATE('30/05/2022','dd/mm/yyyy'), TO_DATE('05/09/2022', 'dd/mm/yyyy'), 0.15, 3, '');
INSERT INTO Cultivo(CultivoID, CulturaID, ParcelaID, DataInicio, DataFim, Quantidade, UnidadeID, EstadoFenologicoID) VALUES (24, 84, 106,TO_DATE('20/09/2022','dd/mm/yyyy'), TO_DATE('14/01/2023', 'dd/mm/yyyy'), 0.25, 3, '');
INSERT INTO Cultivo(CultivoID, CulturaID, ParcelaID, DataInicio, DataFim, Quantidade, UnidadeID, EstadoFenologicoID) VALUES (25, 41, 104,TO_DATE('07/01/2017','dd/mm/yyyy'), TO_DATE('', 'dd/mm/yyyy'), 90, 1, '');
INSERT INTO Cultivo(CultivoID, CulturaID, ParcelaID, DataInicio, DataFim, Quantidade, UnidadeID, EstadoFenologicoID) VALUES (26, 37, 104,TO_DATE('08/01/2017','dd/mm/yyyy'), TO_DATE('', 'dd/mm/yyyy'), 60, 1, '');
INSERT INTO Cultivo(CultivoID, CulturaID, ParcelaID, DataInicio, DataFim, Quantidade, UnidadeID, EstadoFenologicoID) VALUES (27, 48, 104,TO_DATE('08/01/2017','dd/mm/yyyy'), TO_DATE('', 'dd/mm/yyyy'), 40, 1, '');
INSERT INTO Cultivo(CultivoID, CulturaID, ParcelaID, DataInicio, DataFim, Quantidade, UnidadeID, EstadoFenologicoID) VALUES (28, 48, 104,TO_DATE('10/12/2018','dd/mm/yyyy'), TO_DATE('', 'dd/mm/yyyy'), 30, 1, '');
INSERT INTO Cultivo(CultivoID, CulturaID, ParcelaID, DataInicio, DataFim, Quantidade, UnidadeID, EstadoFenologicoID) VALUES (29, 94, 107,TO_DATE('10/01/2018','dd/mm/yyyy'), TO_DATE('', 'dd/mm/yyyy'), 500, 1, '');
INSERT INTO Cultivo(CultivoID, CulturaID, ParcelaID, DataInicio, DataFim, Quantidade, UnidadeID, EstadoFenologicoID) VALUES (30, 95, 107,TO_DATE('11/01/2018','dd/mm/yyyy'), TO_DATE('', 'dd/mm/yyyy'), 700, 1, '');
INSERT INTO Cultivo(CultivoID, CulturaID, ParcelaID, DataInicio, DataFim, Quantidade, UnidadeID, EstadoFenologicoID) VALUES (31, 86, 102,TO_DATE('01/05/2017','dd/mm/yyyy'), TO_DATE('', 'dd/mm/yyyy'), 40, 1, '');
INSERT INTO Cultivo(CultivoID, CulturaID, ParcelaID, DataInicio, DataFim, Quantidade, UnidadeID, EstadoFenologicoID) VALUES (32, 44, 105,TO_DATE('09/01/2019','dd/mm/yyyy'), TO_DATE('', 'dd/mm/yyyy'), 40, 1, '');
INSERT INTO Cultivo(CultivoID, CulturaID, ParcelaID, DataInicio, DataFim, Quantidade, UnidadeID, EstadoFenologicoID) VALUES (33, 61, 105,TO_DATE('09/01/2019','dd/mm/yyyy'), TO_DATE('', 'dd/mm/yyyy'), 50, 1, '');
INSERT INTO Cultivo(CultivoID, CulturaID, ParcelaID, DataInicio, DataFim, Quantidade, UnidadeID, EstadoFenologicoID) VALUES (34, 56, 105,TO_DATE('10/01/2019','dd/mm/yyyy'), TO_DATE('', 'dd/mm/yyyy'), 20, 1, '');
INSERT INTO Cultivo(CultivoID, CulturaID, ParcelaID, DataInicio, DataFim, Quantidade, UnidadeID, EstadoFenologicoID) VALUES (35, 45, 105,TO_DATE('10/01/2019','dd/mm/yyyy'), TO_DATE('', 'dd/mm/yyyy'), 30, 1, '');
INSERT INTO Cultivo(CultivoID, CulturaID, ParcelaID, DataInicio, DataFim, Quantidade, UnidadeID, EstadoFenologicoID) VALUES (36, 46, 105,TO_DATE('11/01/2019','dd/mm/yyyy'), TO_DATE('', 'dd/mm/yyyy'), 40, 1, '');
INSERT INTO Cultivo(CultivoID, CulturaID, ParcelaID, DataInicio, DataFim, Quantidade, UnidadeID, EstadoFenologicoID) VALUES (37, 57, 105,TO_DATE('11/01/2019','dd/mm/yyyy'), TO_DATE('', 'dd/mm/yyyy'), 50, 1, '');
INSERT INTO Cultivo(CultivoID, CulturaID, ParcelaID, DataInicio, DataFim, Quantidade, UnidadeID, EstadoFenologicoID) VALUES (38, 77, 108,TO_DATE('05/04/2023','dd/mm/yyyy'), TO_DATE('28/06/2023', 'dd/mm/yyyy'), 0.5, 3, '');
INSERT INTO Cultivo(CultivoID, CulturaID, ParcelaID, DataInicio, DataFim, Quantidade, UnidadeID, EstadoFenologicoID) VALUES (39, 75, 108,TO_DATE('05/07/2023','dd/mm/yyyy'), TO_DATE('05/10/2023', 'dd/mm/yyyy'), 0.5, 3, '');
INSERT INTO Cultivo(CultivoID, CulturaID, ParcelaID, DataInicio, DataFim, Quantidade, UnidadeID, EstadoFenologicoID) VALUES (40, 98, 108,TO_DATE('06/04/2023','dd/mm/yyyy'), TO_DATE('25/09/2023', 'dd/mm/yyyy'), 0.6, 3, '');
INSERT INTO Cultivo(CultivoID, CulturaID, ParcelaID, DataInicio, DataFim, Quantidade, UnidadeID, EstadoFenologicoID) VALUES (41, 80, 108,TO_DATE('12/10/2023','dd/mm/yyyy'), TO_DATE('20/03/2024', 'dd/mm/yyyy'), 1.1, 3, '');

INSERT INTO EstadoFenologico(EstadoFenologicoID, Designacao) VALUES (1, 'Gema invernal dormente ');
INSERT INTO EstadoFenologico(EstadoFenologicoID, Designacao) VALUES (2, 'Gema inchada');
INSERT INTO EstadoFenologico(EstadoFenologicoID, Designacao) VALUES (3, 'Brácteas separadas');
INSERT INTO EstadoFenologico(EstadoFenologicoID, Designacao) VALUES (4, 'pré-floração');
INSERT INTO EstadoFenologico(EstadoFenologicoID, Designacao) VALUES (5, 'Inicio da floração');
INSERT INTO EstadoFenologico(EstadoFenologicoID, Designacao) VALUES (6, 'Plena floração');
INSERT INTO EstadoFenologico(EstadoFenologicoID, Designacao) VALUES (7, 'Fim de floração');
INSERT INTO EstadoFenologico(EstadoFenologicoID, Designacao) VALUES (8, 'Formação do fruto');
INSERT INTO EstadoFenologico(EstadoFenologicoID, Designacao) VALUES (9, 'Troca de cor do fruto');
INSERT INTO EstadoFenologico(EstadoFenologicoID, Designacao) VALUES (10, 'Frutos maduros para a colheita');

INSERT INTO FormaDispersao(FormaDispersaoID, DesignacaoFormaDispersao) VALUES (1, 'Aspersão');
INSERT INTO FormaDispersao(FormaDispersaoID, DesignacaoFormaDispersao) VALUES (2, 'Gotejamento');
INSERT INTO FormaDispersao(FormaDispersaoID, DesignacaoFormaDispersao) VALUES (3, 'Micro-Pulverização');

INSERT INTO Operacao(OperacaoID,  DataRealizacao,  TipoOperacao) VALUES (1, TO_DATE('06/10/2016','dd/mm/yyyy'), 'Plantação');
INSERT INTO Operacao(OperacaoID,  DataRealizacao,  TipoOperacao) VALUES (2, TO_DATE('10/10/2016','dd/mm/yyyy'), 'Plantação');
INSERT INTO Operacao(OperacaoID,  DataRealizacao,  TipoOperacao) VALUES (3, TO_DATE('07/01/2017','dd/mm/yyyy'), 'Plantação');
INSERT INTO Operacao(OperacaoID,  DataRealizacao,  TipoOperacao) VALUES (4, TO_DATE('08/01/2017','dd/mm/yyyy'), 'Plantação');
INSERT INTO Operacao(OperacaoID,  DataRealizacao,  TipoOperacao) VALUES (5, TO_DATE('08/01/2017','dd/mm/yyyy'), 'Plantação');
INSERT INTO Operacao(OperacaoID,  DataRealizacao,  TipoOperacao) VALUES (6, TO_DATE('04/11/2017','dd/mm/yyyy'), 'Poda');
INSERT INTO Operacao(OperacaoID,  DataRealizacao,  TipoOperacao) VALUES (7, TO_DATE('04/11/2017','dd/mm/yyyy'), 'Poda');
INSERT INTO Operacao(OperacaoID,  DataRealizacao,  TipoOperacao) VALUES (8, TO_DATE('10/12/2017','dd/mm/yyyy'), 'Aplicação Fator Produção');
INSERT INTO Operacao(OperacaoID,  DataRealizacao,  TipoOperacao) VALUES (9, TO_DATE('10/12/2017','dd/mm/yyyy'), 'Aplicação Fator Produção');
INSERT INTO Operacao(OperacaoID,  DataRealizacao,  TipoOperacao) VALUES (10, TO_DATE('07/01/2018','dd/mm/yyyy'), 'Poda');
INSERT INTO Operacao(OperacaoID,  DataRealizacao,  TipoOperacao) VALUES (11, TO_DATE('08/01/2018','dd/mm/yyyy'), 'Poda');
INSERT INTO Operacao(OperacaoID,  DataRealizacao,  TipoOperacao) VALUES (12, TO_DATE('08/01/2018','dd/mm/yyyy'), 'Poda');
INSERT INTO Operacao(OperacaoID,  DataRealizacao,  TipoOperacao) VALUES (13, TO_DATE('10/01/2018','dd/mm/yyyy'), 'Plantação');
INSERT INTO Operacao(OperacaoID,  DataRealizacao,  TipoOperacao) VALUES (14, TO_DATE('11/01/2018','dd/mm/yyyy'), 'Plantação');
INSERT INTO Operacao(OperacaoID,  DataRealizacao,  TipoOperacao) VALUES (15, TO_DATE('06/02/2018','dd/mm/yyyy'), 'Aplicação Fator Produção');
INSERT INTO Operacao(OperacaoID,  DataRealizacao,  TipoOperacao) VALUES (16, TO_DATE('06/02/2018','dd/mm/yyyy'), 'Aplicação Fator Produção');
INSERT INTO Operacao(OperacaoID,  DataRealizacao,  TipoOperacao) VALUES (17, TO_DATE('06/02/2018','dd/mm/yyyy'), 'Aplicação Fator Produção');
INSERT INTO Operacao(OperacaoID,  DataRealizacao,  TipoOperacao) VALUES (18, TO_DATE('17/11/2018','dd/mm/yyyy'), 'Poda');
INSERT INTO Operacao(OperacaoID,  DataRealizacao,  TipoOperacao) VALUES (19, TO_DATE('17/11/2018','dd/mm/yyyy'), 'Poda');
INSERT INTO Operacao(OperacaoID,  DataRealizacao,  TipoOperacao) VALUES (20, TO_DATE('10/12/2018','dd/mm/yyyy'), 'Plantação');
INSERT INTO Operacao(OperacaoID,  DataRealizacao,  TipoOperacao) VALUES (21, TO_DATE('16/12/2018','dd/mm/yyyy'), 'Poda');
INSERT INTO Operacao(OperacaoID,  DataRealizacao,  TipoOperacao) VALUES (22, TO_DATE('18/12/2018','dd/mm/yyyy'), 'Poda');
INSERT INTO Operacao(OperacaoID,  DataRealizacao,  TipoOperacao) VALUES (23, TO_DATE('07/01/2019','dd/mm/yyyy'), 'Poda');
INSERT INTO Operacao(OperacaoID,  DataRealizacao,  TipoOperacao) VALUES (24, TO_DATE('08/01/2019','dd/mm/yyyy'), 'Poda');
INSERT INTO Operacao(OperacaoID,  DataRealizacao,  TipoOperacao) VALUES (25, TO_DATE('08/01/2019','dd/mm/yyyy'), 'Poda');
INSERT INTO Operacao(OperacaoID,  DataRealizacao,  TipoOperacao) VALUES (26, TO_DATE('20/01/2019','dd/mm/yyyy'), 'Aplicação Fator Produção');
INSERT INTO Operacao(OperacaoID,  DataRealizacao,  TipoOperacao) VALUES (27, TO_DATE('20/01/2019','dd/mm/yyyy'), 'Aplicação Fator Produção');
INSERT INTO Operacao(OperacaoID,  DataRealizacao,  TipoOperacao) VALUES (28, TO_DATE('06/02/2019','dd/mm/yyyy'), 'Aplicação Fator Produção');
INSERT INTO Operacao(OperacaoID,  DataRealizacao,  TipoOperacao) VALUES (29, TO_DATE('06/02/2019','dd/mm/yyyy'), 'Aplicação Fator Produção');
INSERT INTO Operacao(OperacaoID,  DataRealizacao,  TipoOperacao) VALUES (30, TO_DATE('06/02/2019','dd/mm/yyyy'), 'Aplicação Fator Produção');
INSERT INTO Operacao(OperacaoID,  DataRealizacao,  TipoOperacao) VALUES (31, TO_DATE('15/11/2019','dd/mm/yyyy'), 'Poda');
INSERT INTO Operacao(OperacaoID,  DataRealizacao,  TipoOperacao) VALUES (32, TO_DATE('15/11/2019','dd/mm/yyyy'), 'Poda');
INSERT INTO Operacao(OperacaoID,  DataRealizacao,  TipoOperacao) VALUES (33, TO_DATE('16/12/2019','dd/mm/yyyy'), 'Poda');
INSERT INTO Operacao(OperacaoID,  DataRealizacao,  TipoOperacao) VALUES (34, TO_DATE('18/12/2019','dd/mm/yyyy'), 'Poda');
INSERT INTO Operacao(OperacaoID,  DataRealizacao,  TipoOperacao) VALUES (35, TO_DATE('20/01/2020','dd/mm/yyyy'), 'Aplicação Fator Produção');
INSERT INTO Operacao(OperacaoID,  DataRealizacao,  TipoOperacao) VALUES (36, TO_DATE('20/01/2020','dd/mm/yyyy'), 'Aplicação Fator Produção');
INSERT INTO Operacao(OperacaoID,  DataRealizacao,  TipoOperacao) VALUES (37, TO_DATE('12/03/2020','dd/mm/yyyy'), 'Semeadura');
INSERT INTO Operacao(OperacaoID,  DataRealizacao,  TipoOperacao) VALUES (38, TO_DATE('30/03/2020','dd/mm/yyyy'), 'Aplicação Fator Produção');
INSERT INTO Operacao(OperacaoID,  DataRealizacao,  TipoOperacao) VALUES (39, TO_DATE('05/04/2020','dd/mm/yyyy'), 'Semeadura');
INSERT INTO Operacao(OperacaoID,  DataRealizacao,  TipoOperacao) VALUES (40, TO_DATE('05/05/2020','dd/mm/yyyy'), 'Colheita');
INSERT INTO Operacao(OperacaoID,  DataRealizacao,  TipoOperacao) VALUES (41, TO_DATE('15/05/2020','dd/mm/yyyy'), 'Colheita');
INSERT INTO Operacao(OperacaoID,  DataRealizacao,  TipoOperacao) VALUES (42, TO_DATE('02/06/2020','dd/mm/yyyy'), 'Semeadura');
INSERT INTO Operacao(OperacaoID,  DataRealizacao,  TipoOperacao) VALUES (43, TO_DATE('20/08/2020','dd/mm/yyyy'), 'Colheita');
INSERT INTO Operacao(OperacaoID,  DataRealizacao,  TipoOperacao) VALUES (44, TO_DATE('28/08/2020','dd/mm/yyyy'), 'Colheita');
INSERT INTO Operacao(OperacaoID,  DataRealizacao,  TipoOperacao) VALUES (45, TO_DATE('07/09/2020','dd/mm/yyyy'), 'Colheita');
INSERT INTO Operacao(OperacaoID,  DataRealizacao,  TipoOperacao) VALUES (46, TO_DATE('20/09/2020','dd/mm/yyyy'), 'Semeadura');
INSERT INTO Operacao(OperacaoID,  DataRealizacao,  TipoOperacao) VALUES (47, TO_DATE('10/10/2020','dd/mm/yyyy'), 'Semeadura');
INSERT INTO Operacao(OperacaoID,  DataRealizacao,  TipoOperacao) VALUES (48, TO_DATE('12/10/2020','dd/mm/yyyy'), 'Semeadura');
INSERT INTO Operacao(OperacaoID,  DataRealizacao,  TipoOperacao) VALUES (49, TO_DATE('10/11/2020','dd/mm/yyyy'), 'Poda');
INSERT INTO Operacao(OperacaoID,  DataRealizacao,  TipoOperacao) VALUES (50, TO_DATE('10/11/2020','dd/mm/yyyy'), 'Poda');
INSERT INTO Operacao(OperacaoID,  DataRealizacao,  TipoOperacao) VALUES (51, TO_DATE('15/11/2020','dd/mm/yyyy'), 'Colheita');
INSERT INTO Operacao(OperacaoID,  DataRealizacao,  TipoOperacao) VALUES (52, TO_DATE('05/12/2020','dd/mm/yyyy'), 'Poda');
INSERT INTO Operacao(OperacaoID,  DataRealizacao,  TipoOperacao) VALUES (53, TO_DATE('05/12/2020','dd/mm/yyyy'), 'Poda');
INSERT INTO Operacao(OperacaoID,  DataRealizacao,  TipoOperacao) VALUES (54, TO_DATE('10/12/2020','dd/mm/yyyy'), 'Aplicação Fator Produção');
INSERT INTO Operacao(OperacaoID,  DataRealizacao,  TipoOperacao) VALUES (55, TO_DATE('10/12/2020','dd/mm/yyyy'), 'Aplicação Fator Produção');
INSERT INTO Operacao(OperacaoID,  DataRealizacao,  TipoOperacao) VALUES (56, TO_DATE('15/12/2020','dd/mm/yyyy'), 'Poda');
INSERT INTO Operacao(OperacaoID,  DataRealizacao,  TipoOperacao) VALUES (57, TO_DATE('15/12/2020','dd/mm/yyyy'), 'Poda');
INSERT INTO Operacao(OperacaoID,  DataRealizacao,  TipoOperacao) VALUES (58, TO_DATE('16/12/2020','dd/mm/yyyy'), 'Poda');
INSERT INTO Operacao(OperacaoID,  DataRealizacao,  TipoOperacao) VALUES (59, TO_DATE('18/12/2020','dd/mm/yyyy'), 'Colheita');
INSERT INTO Operacao(OperacaoID,  DataRealizacao,  TipoOperacao) VALUES (60, TO_DATE('18/12/2020','dd/mm/yyyy'), 'Poda');
INSERT INTO Operacao(OperacaoID,  DataRealizacao,  TipoOperacao) VALUES (61, TO_DATE('04/01/2021','dd/mm/yyyy'), 'Colheita');
INSERT INTO Operacao(OperacaoID,  DataRealizacao,  TipoOperacao) VALUES (62, TO_DATE('20/01/2021','dd/mm/yyyy'), 'Aplicação Fator Produção');
INSERT INTO Operacao(OperacaoID,  DataRealizacao,  TipoOperacao) VALUES (63, TO_DATE('20/01/2021','dd/mm/yyyy'), 'Aplicação Fator Produção');
INSERT INTO Operacao(OperacaoID,  DataRealizacao,  TipoOperacao) VALUES (64, TO_DATE('10/03/2021','dd/mm/yyyy'), 'Semeadura');
INSERT INTO Operacao(OperacaoID,  DataRealizacao,  TipoOperacao) VALUES (65, TO_DATE('14/03/2021','dd/mm/yyyy'), 'Incorporação no Solo');
INSERT INTO Operacao(OperacaoID,  DataRealizacao,  TipoOperacao) VALUES (66, TO_DATE('30/03/2021','dd/mm/yyyy'), 'Incorporação no Solo');
INSERT INTO Operacao(OperacaoID,  DataRealizacao,  TipoOperacao) VALUES (67, TO_DATE('03/04/2021','dd/mm/yyyy'), 'Semeadura');
INSERT INTO Operacao(OperacaoID,  DataRealizacao,  TipoOperacao) VALUES (68, TO_DATE('15/04/2021','dd/mm/yyyy'), 'Semeadura');
INSERT INTO Operacao(OperacaoID,  DataRealizacao,  TipoOperacao) VALUES (69, TO_DATE('02/05/2021','dd/mm/yyyy'), 'Aplicação Fator Produção');
INSERT INTO Operacao(OperacaoID,  DataRealizacao,  TipoOperacao) VALUES (70, TO_DATE('05/05/2021','dd/mm/yyyy'), 'Colheita');
INSERT INTO Operacao(OperacaoID,  DataRealizacao,  TipoOperacao) VALUES (71, TO_DATE('15/05/2021','dd/mm/yyyy'), 'Colheita');
INSERT INTO Operacao(OperacaoID,  DataRealizacao,  TipoOperacao) VALUES (72, TO_DATE('02/06/2021','dd/mm/yyyy'), 'Semeadura');
INSERT INTO Operacao(OperacaoID,  DataRealizacao,  TipoOperacao) VALUES (73, TO_DATE('15/07/2021','dd/mm/yyyy'), 'Colheita');
INSERT INTO Operacao(OperacaoID,  DataRealizacao,  TipoOperacao) VALUES (74, TO_DATE('20/07/2021','dd/mm/yyyy'), 'Colheita');
INSERT INTO Operacao(OperacaoID,  DataRealizacao,  TipoOperacao) VALUES (75, TO_DATE('12/08/2021','dd/mm/yyyy'), 'Colheita');
INSERT INTO Operacao(OperacaoID,  DataRealizacao,  TipoOperacao) VALUES (76, TO_DATE('24/08/2021','dd/mm/yyyy'), 'Colheita');
INSERT INTO Operacao(OperacaoID,  DataRealizacao,  TipoOperacao) VALUES (77, TO_DATE('25/08/2021','dd/mm/yyyy'), 'Colheita');
INSERT INTO Operacao(OperacaoID,  DataRealizacao,  TipoOperacao) VALUES (78, TO_DATE('28/08/2021','dd/mm/yyyy'), 'Colheita');
INSERT INTO Operacao(OperacaoID,  DataRealizacao,  TipoOperacao) VALUES (79, TO_DATE('05/09/2021','dd/mm/yyyy'), 'Colheita');
INSERT INTO Operacao(OperacaoID,  DataRealizacao,  TipoOperacao) VALUES (80, TO_DATE('07/09/2021','dd/mm/yyyy'), 'Colheita');
INSERT INTO Operacao(OperacaoID,  DataRealizacao,  TipoOperacao) VALUES (81, TO_DATE('12/09/2021','dd/mm/yyyy'), 'Colheita');
INSERT INTO Operacao(OperacaoID,  DataRealizacao,  TipoOperacao) VALUES (82, TO_DATE('20/09/2021','dd/mm/yyyy'), 'Semeadura');
INSERT INTO Operacao(OperacaoID,  DataRealizacao,  TipoOperacao) VALUES (83, TO_DATE('23/09/2021','dd/mm/yyyy'), 'Colheita');
INSERT INTO Operacao(OperacaoID,  DataRealizacao,  TipoOperacao) VALUES (84, TO_DATE('03/10/2021','dd/mm/yyyy'), 'Semeadura');
INSERT INTO Operacao(OperacaoID,  DataRealizacao,  TipoOperacao) VALUES (85, TO_DATE('06/10/2021','dd/mm/yyyy'), 'Semeadura');
INSERT INTO Operacao(OperacaoID,  DataRealizacao,  TipoOperacao) VALUES (86, TO_DATE('12/10/2021','dd/mm/yyyy'), 'Colheita');
INSERT INTO Operacao(OperacaoID,  DataRealizacao,  TipoOperacao) VALUES (87, TO_DATE('03/11/2021','dd/mm/yyyy'), 'Colheita');
INSERT INTO Operacao(OperacaoID,  DataRealizacao,  TipoOperacao) VALUES (88, TO_DATE('10/11/2021','dd/mm/yyyy'), 'Colheita');
INSERT INTO Operacao(OperacaoID,  DataRealizacao,  TipoOperacao) VALUES (89, TO_DATE('10/11/2021','dd/mm/yyyy'), 'Colheita');
INSERT INTO Operacao(OperacaoID,  DataRealizacao,  TipoOperacao) VALUES (90, TO_DATE('15/11/2021','dd/mm/yyyy'), 'Colheita');
INSERT INTO Operacao(OperacaoID,  DataRealizacao,  TipoOperacao) VALUES (91, TO_DATE('17/11/2021','dd/mm/yyyy'), 'Poda');
INSERT INTO Operacao(OperacaoID,  DataRealizacao,  TipoOperacao) VALUES (92, TO_DATE('17/11/2021','dd/mm/yyyy'), 'Poda');
INSERT INTO Operacao(OperacaoID,  DataRealizacao,  TipoOperacao) VALUES (93, TO_DATE('28/11/2021','dd/mm/yyyy'), 'Poda');
INSERT INTO Operacao(OperacaoID,  DataRealizacao,  TipoOperacao) VALUES (94, TO_DATE('03/12/2021','dd/mm/yyyy'), 'Poda');
INSERT INTO Operacao(OperacaoID,  DataRealizacao,  TipoOperacao) VALUES (95, TO_DATE('16/12/2021','dd/mm/yyyy'), 'Poda');
INSERT INTO Operacao(OperacaoID,  DataRealizacao,  TipoOperacao) VALUES (96, TO_DATE('18/12/2021','dd/mm/yyyy'), 'Poda');
INSERT INTO Operacao(OperacaoID,  DataRealizacao,  TipoOperacao) VALUES (97, TO_DATE('18/12/2021','dd/mm/yyyy'), 'Colheita');
INSERT INTO Operacao(OperacaoID,  DataRealizacao,  TipoOperacao) VALUES (98, TO_DATE('18/12/2021','dd/mm/yyyy'), 'Poda');
INSERT INTO Operacao(OperacaoID,  DataRealizacao,  TipoOperacao) VALUES (99, TO_DATE('04/01/2022','dd/mm/yyyy'), 'Colheita');
INSERT INTO Operacao(OperacaoID,  DataRealizacao,  TipoOperacao) VALUES (100, TO_DATE('20/01/2022','dd/mm/yyyy'), 'Aplicação Fator Produção');
INSERT INTO Operacao(OperacaoID,  DataRealizacao,  TipoOperacao) VALUES (101, TO_DATE('20/01/2022','dd/mm/yyyy'), 'Aplicação Fator Produção');
INSERT INTO Operacao(OperacaoID,  DataRealizacao,  TipoOperacao) VALUES (102, TO_DATE('06/03/2022','dd/mm/yyyy'), 'Semeadura');
INSERT INTO Operacao(OperacaoID,  DataRealizacao,  TipoOperacao) VALUES (103, TO_DATE('19/03/2022','dd/mm/yyyy'), 'Incorporação no Solo');
INSERT INTO Operacao(OperacaoID,  DataRealizacao,  TipoOperacao) VALUES (104, TO_DATE('05/04/2022','dd/mm/yyyy'), 'Incorporação no Solo');
INSERT INTO Operacao(OperacaoID,  DataRealizacao,  TipoOperacao) VALUES (105, TO_DATE('08/04/2022','dd/mm/yyyy'), 'Semeadura');
INSERT INTO Operacao(OperacaoID,  DataRealizacao,  TipoOperacao) VALUES (106, TO_DATE('15/04/2022','dd/mm/yyyy'), 'Semeadura');
INSERT INTO Operacao(OperacaoID,  DataRealizacao,  TipoOperacao) VALUES (107, TO_DATE('05/05/2022','dd/mm/yyyy'), 'Colheita');
INSERT INTO Operacao(OperacaoID,  DataRealizacao,  TipoOperacao) VALUES (108, TO_DATE('13/05/2022','dd/mm/yyyy'), 'Aplicação Fator Produção');
INSERT INTO Operacao(OperacaoID,  DataRealizacao,  TipoOperacao) VALUES (109, TO_DATE('15/05/2022','dd/mm/yyyy'), 'Colheita');
INSERT INTO Operacao(OperacaoID,  DataRealizacao,  TipoOperacao) VALUES (110, TO_DATE('30/05/2022','dd/mm/yyyy'), 'Semeadura');
INSERT INTO Operacao(OperacaoID,  DataRealizacao,  TipoOperacao) VALUES (111, TO_DATE('15/07/2022','dd/mm/yyyy'), 'Colheita');
INSERT INTO Operacao(OperacaoID,  DataRealizacao,  TipoOperacao) VALUES (112, TO_DATE('20/07/2022','dd/mm/yyyy'), 'Colheita');
INSERT INTO Operacao(OperacaoID,  DataRealizacao,  TipoOperacao) VALUES (113, TO_DATE('12/08/2022','dd/mm/yyyy'), 'Colheita');
INSERT INTO Operacao(OperacaoID,  DataRealizacao,  TipoOperacao) VALUES (114, TO_DATE('12/08/2022','dd/mm/yyyy'), 'Colheita');
INSERT INTO Operacao(OperacaoID,  DataRealizacao,  TipoOperacao) VALUES (115, TO_DATE('17/08/2022','dd/mm/yyyy'), 'Colheita');
INSERT INTO Operacao(OperacaoID,  DataRealizacao,  TipoOperacao) VALUES (116, TO_DATE('18/08/2022','dd/mm/yyyy'), 'Colheita');
INSERT INTO Operacao(OperacaoID,  DataRealizacao,  TipoOperacao) VALUES (117, TO_DATE('20/08/2022','dd/mm/yyyy'), 'Colheita');
INSERT INTO Operacao(OperacaoID,  DataRealizacao,  TipoOperacao) VALUES (118, TO_DATE('24/08/2022','dd/mm/yyyy'), 'Colheita');
INSERT INTO Operacao(OperacaoID,  DataRealizacao,  TipoOperacao) VALUES (119, TO_DATE('05/09/2022','dd/mm/yyyy'), 'Colheita');
INSERT INTO Operacao(OperacaoID,  DataRealizacao,  TipoOperacao) VALUES (120, TO_DATE('07/09/2022','dd/mm/yyyy'), 'Colheita');
INSERT INTO Operacao(OperacaoID,  DataRealizacao,  TipoOperacao) VALUES (121, TO_DATE('11/09/2022','dd/mm/yyyy'), 'Colheita');
INSERT INTO Operacao(OperacaoID,  DataRealizacao,  TipoOperacao) VALUES (122, TO_DATE('20/09/2022','dd/mm/yyyy'), 'Colheita');
INSERT INTO Operacao(OperacaoID,  DataRealizacao,  TipoOperacao) VALUES (123, TO_DATE('20/09/2022','dd/mm/yyyy'), 'Semeadura');
INSERT INTO Operacao(OperacaoID,  DataRealizacao,  TipoOperacao) VALUES (124, TO_DATE('12/10/2022','dd/mm/yyyy'), 'Semeadura');
INSERT INTO Operacao(OperacaoID,  DataRealizacao,  TipoOperacao) VALUES (125, TO_DATE('17/10/2022','dd/mm/yyyy'), 'Colheita');
INSERT INTO Operacao(OperacaoID,  DataRealizacao,  TipoOperacao) VALUES (126, TO_DATE('06/11/2022','dd/mm/yyyy'), 'Colheita');
INSERT INTO Operacao(OperacaoID,  DataRealizacao,  TipoOperacao) VALUES (127, TO_DATE('10/11/2022','dd/mm/yyyy'), 'Poda');
INSERT INTO Operacao(OperacaoID,  DataRealizacao,  TipoOperacao) VALUES (128, TO_DATE('10/11/2022','dd/mm/yyyy'), 'Poda');
INSERT INTO Operacao(OperacaoID,  DataRealizacao,  TipoOperacao) VALUES (129, TO_DATE('12/11/2022','dd/mm/yyyy'), 'Colheita');
INSERT INTO Operacao(OperacaoID,  DataRealizacao,  TipoOperacao) VALUES (130, TO_DATE('12/11/2022','dd/mm/yyyy'), 'Colheita');
INSERT INTO Operacao(OperacaoID,  DataRealizacao,  TipoOperacao) VALUES (131, TO_DATE('15/11/2022','dd/mm/yyyy'), 'Colheita');
INSERT INTO Operacao(OperacaoID,  DataRealizacao,  TipoOperacao) VALUES (132, TO_DATE('04/12/2022','dd/mm/yyyy'), 'Poda');
INSERT INTO Operacao(OperacaoID,  DataRealizacao,  TipoOperacao) VALUES (133, TO_DATE('07/12/2022','dd/mm/yyyy'), 'Poda');
INSERT INTO Operacao(OperacaoID,  DataRealizacao,  TipoOperacao) VALUES (134, TO_DATE('11/12/2022','dd/mm/yyyy'), 'Aplicação Fator Produção');
INSERT INTO Operacao(OperacaoID,  DataRealizacao,  TipoOperacao) VALUES (135, TO_DATE('11/12/2022','dd/mm/yyyy'), 'Aplicação Fator Produção');
INSERT INTO Operacao(OperacaoID,  DataRealizacao,  TipoOperacao) VALUES (136, TO_DATE('16/12/2022','dd/mm/yyyy'), 'Poda');
INSERT INTO Operacao(OperacaoID,  DataRealizacao,  TipoOperacao) VALUES (137, TO_DATE('18/12/2022','dd/mm/yyyy'), 'Colheita');
INSERT INTO Operacao(OperacaoID,  DataRealizacao,  TipoOperacao) VALUES (138, TO_DATE('18/12/2022','dd/mm/yyyy'), 'Poda');
INSERT INTO Operacao(OperacaoID,  DataRealizacao,  TipoOperacao) VALUES (139, TO_DATE('12/01/2023','dd/mm/yyyy'), 'Poda');
INSERT INTO Operacao(OperacaoID,  DataRealizacao,  TipoOperacao) VALUES (140, TO_DATE('14/01/2023','dd/mm/yyyy'), 'Colheita');
INSERT INTO Operacao(OperacaoID,  DataRealizacao,  TipoOperacao) VALUES (141, TO_DATE('20/01/2023','dd/mm/yyyy'), 'Aplicação Fator Produção');
INSERT INTO Operacao(OperacaoID,  DataRealizacao,  TipoOperacao) VALUES (142, TO_DATE('20/01/2023','dd/mm/yyyy'), 'Aplicação Fator Produção');
INSERT INTO Operacao(OperacaoID,  DataRealizacao,  TipoOperacao) VALUES (143, TO_DATE('20/03/2023','dd/mm/yyyy'), 'Incorporação no Solo');
INSERT INTO Operacao(OperacaoID,  DataRealizacao,  TipoOperacao) VALUES (144, TO_DATE('14/05/2023','dd/mm/yyyy'), 'Rega');
INSERT INTO Operacao(OperacaoID,  DataRealizacao,  TipoOperacao) VALUES (145, TO_DATE('01/06/2023','dd/mm/yyyy'), 'Rega');
INSERT INTO Operacao(OperacaoID,  DataRealizacao,  TipoOperacao) VALUES (146, TO_DATE('15/06/2023','dd/mm/yyyy'), 'Rega');
INSERT INTO Operacao(OperacaoID,  DataRealizacao,  TipoOperacao) VALUES (147, TO_DATE('30/06/2023','dd/mm/yyyy'), 'Rega');
INSERT INTO Operacao(OperacaoID,  DataRealizacao,  TipoOperacao) VALUES (148, TO_DATE('07/07/2023','dd/mm/yyyy'), 'Rega');
INSERT INTO Operacao(OperacaoID,  DataRealizacao,  TipoOperacao) VALUES (149, TO_DATE('14/07/2023','dd/mm/yyyy'), 'Rega');
INSERT INTO Operacao(OperacaoID,  DataRealizacao,  TipoOperacao) VALUES (150, TO_DATE('21/07/2023','dd/mm/yyyy'), 'Rega');
INSERT INTO Operacao(OperacaoID,  DataRealizacao,  TipoOperacao) VALUES (151, TO_DATE('28/07/2023','dd/mm/yyyy'), 'Rega');
INSERT INTO Operacao(OperacaoID,  DataRealizacao,  TipoOperacao) VALUES (152, TO_DATE('04/08/2023','dd/mm/yyyy'), 'Rega');
INSERT INTO Operacao(OperacaoID,  DataRealizacao,  TipoOperacao) VALUES (153, TO_DATE('11/08/2023','dd/mm/yyyy'), 'Rega');
INSERT INTO Operacao(OperacaoID,  DataRealizacao,  TipoOperacao) VALUES (154, TO_DATE('18/08/2023','dd/mm/yyyy'), 'Rega');
INSERT INTO Operacao(OperacaoID,  DataRealizacao,  TipoOperacao) VALUES (155, TO_DATE('25/08/2023','dd/mm/yyyy'), 'Rega');
INSERT INTO Operacao(OperacaoID,  DataRealizacao,  TipoOperacao) VALUES (156, TO_DATE('01/09/2023','dd/mm/yyyy'), 'Rega');
INSERT INTO Operacao(OperacaoID,  DataRealizacao,  TipoOperacao) VALUES (157, TO_DATE('08/09/2023','dd/mm/yyyy'), 'Rega');
INSERT INTO Operacao(OperacaoID,  DataRealizacao,  TipoOperacao) VALUES (158, TO_DATE('15/09/2023','dd/mm/yyyy'), 'Rega');
INSERT INTO Operacao(OperacaoID,  DataRealizacao,  TipoOperacao) VALUES (159, TO_DATE('18/08/2023','dd/mm/yyyy'), 'Colheita');
INSERT INTO Operacao(OperacaoID,  DataRealizacao,  TipoOperacao) VALUES (160, TO_DATE('30/08/2023','dd/mm/yyyy'), 'Colheita');
INSERT INTO Operacao(OperacaoID,  DataRealizacao,  TipoOperacao) VALUES (161, TO_DATE('05/09/2023','dd/mm/yyyy'), 'Colheita');
INSERT INTO Operacao(OperacaoID,  DataRealizacao,  TipoOperacao) VALUES (162, TO_DATE('08/09/2023','dd/mm/yyyy'), 'Colheita');
INSERT INTO Operacao(OperacaoID,  DataRealizacao,  TipoOperacao) VALUES (163, TO_DATE('28/09/2023','dd/mm/yyyy'), 'Colheita');
INSERT INTO Operacao(OperacaoID,  DataRealizacao,  TipoOperacao) VALUES (164, TO_DATE('03/10/2023','dd/mm/yyyy'), 'Colheita');
INSERT INTO Operacao(OperacaoID,  DataRealizacao,  TipoOperacao) VALUES (165, TO_DATE('04/01/2019','dd/mm/yyyy'), 'Aplicação Fator Produção');
INSERT INTO Operacao(OperacaoID,  DataRealizacao,  TipoOperacao) VALUES (166, TO_DATE('09/01/2019','dd/mm/yyyy'), 'Plantação');
INSERT INTO Operacao(OperacaoID,  DataRealizacao,  TipoOperacao) VALUES (167, TO_DATE('09/01/2019','dd/mm/yyyy'), 'Plantação');
INSERT INTO Operacao(OperacaoID,  DataRealizacao,  TipoOperacao) VALUES (168, TO_DATE('10/01/2019','dd/mm/yyyy'), 'Plantação');
INSERT INTO Operacao(OperacaoID,  DataRealizacao,  TipoOperacao) VALUES (169, TO_DATE('10/01/2019','dd/mm/yyyy'), 'Plantação');
INSERT INTO Operacao(OperacaoID,  DataRealizacao,  TipoOperacao) VALUES (170, TO_DATE('11/01/2019','dd/mm/yyyy'), 'Plantação');
INSERT INTO Operacao(OperacaoID,  DataRealizacao,  TipoOperacao) VALUES (171, TO_DATE('11/01/2019','dd/mm/yyyy'), 'Plantação');
INSERT INTO Operacao(OperacaoID,  DataRealizacao,  TipoOperacao) VALUES (172, TO_DATE('06/01/2020','dd/mm/yyyy'), 'Aplicação Fator Produção');
INSERT INTO Operacao(OperacaoID,  DataRealizacao,  TipoOperacao) VALUES (173, TO_DATE('06/01/2020','dd/mm/yyyy'), 'Aplicação Fator Produção');
INSERT INTO Operacao(OperacaoID,  DataRealizacao,  TipoOperacao) VALUES (174, TO_DATE('06/01/2020','dd/mm/yyyy'), 'Aplicação Fator Produção');
INSERT INTO Operacao(OperacaoID,  DataRealizacao,  TipoOperacao) VALUES (175, TO_DATE('06/01/2020','dd/mm/yyyy'), 'Aplicação Fator Produção');
INSERT INTO Operacao(OperacaoID,  DataRealizacao,  TipoOperacao) VALUES (176, TO_DATE('07/01/2020','dd/mm/yyyy'), 'Aplicação Fator Produção');
INSERT INTO Operacao(OperacaoID,  DataRealizacao,  TipoOperacao) VALUES (177, TO_DATE('07/01/2020','dd/mm/yyyy'), 'Aplicação Fator Produção');
INSERT INTO Operacao(OperacaoID,  DataRealizacao,  TipoOperacao) VALUES (178, TO_DATE('07/01/2021','dd/mm/yyyy'), 'Aplicação Fator Produção');
INSERT INTO Operacao(OperacaoID,  DataRealizacao,  TipoOperacao) VALUES (179, TO_DATE('07/01/2021','dd/mm/yyyy'), 'Aplicação Fator Produção');
INSERT INTO Operacao(OperacaoID,  DataRealizacao,  TipoOperacao) VALUES (180, TO_DATE('08/01/2021','dd/mm/yyyy'), 'Aplicação Fator Produção');
INSERT INTO Operacao(OperacaoID,  DataRealizacao,  TipoOperacao) VALUES (181, TO_DATE('07/01/2021','dd/mm/yyyy'), 'Aplicação Fator Produção');
INSERT INTO Operacao(OperacaoID,  DataRealizacao,  TipoOperacao) VALUES (182, TO_DATE('07/01/2021','dd/mm/yyyy'), 'Aplicação Fator Produção');
INSERT INTO Operacao(OperacaoID,  DataRealizacao,  TipoOperacao) VALUES (183, TO_DATE('08/01/2021','dd/mm/yyyy'), 'Aplicação Fator Produção');
INSERT INTO Operacao(OperacaoID,  DataRealizacao,  TipoOperacao) VALUES (184, TO_DATE('15/01/2022','dd/mm/yyyy'), 'Aplicação Fator Produção');
INSERT INTO Operacao(OperacaoID,  DataRealizacao,  TipoOperacao) VALUES (185, TO_DATE('15/01/2022','dd/mm/yyyy'), 'Aplicação Fator Produção');
INSERT INTO Operacao(OperacaoID,  DataRealizacao,  TipoOperacao) VALUES (186, TO_DATE('15/01/2022','dd/mm/yyyy'), 'Aplicação Fator Produção');
INSERT INTO Operacao(OperacaoID,  DataRealizacao,  TipoOperacao) VALUES (187, TO_DATE('16/01/2022','dd/mm/yyyy'), 'Aplicação Fator Produção');
INSERT INTO Operacao(OperacaoID,  DataRealizacao,  TipoOperacao) VALUES (188, TO_DATE('16/01/2022','dd/mm/yyyy'), 'Aplicação Fator Produção');
INSERT INTO Operacao(OperacaoID,  DataRealizacao,  TipoOperacao) VALUES (189, TO_DATE('16/01/2022','dd/mm/yyyy'), 'Aplicação Fator Produção');
INSERT INTO Operacao(OperacaoID,  DataRealizacao,  TipoOperacao) VALUES (190, TO_DATE('15/05/2023','dd/mm/yyyy'), 'Aplicação Fator Produção');
INSERT INTO Operacao(OperacaoID,  DataRealizacao,  TipoOperacao) VALUES (191, TO_DATE('15/05/2023','dd/mm/yyyy'), 'Aplicação Fator Produção');
INSERT INTO Operacao(OperacaoID,  DataRealizacao,  TipoOperacao) VALUES (192, TO_DATE('15/05/2023','dd/mm/yyyy'), 'Aplicação Fator Produção');
INSERT INTO Operacao(OperacaoID,  DataRealizacao,  TipoOperacao) VALUES (193, TO_DATE('15/05/2023','dd/mm/yyyy'), 'Aplicação Fator Produção');
INSERT INTO Operacao(OperacaoID,  DataRealizacao,  TipoOperacao) VALUES (194, TO_DATE('15/05/2023','dd/mm/yyyy'), 'Aplicação Fator Produção');
INSERT INTO Operacao(OperacaoID,  DataRealizacao,  TipoOperacao) VALUES (195, TO_DATE('15/05/2023','dd/mm/yyyy'), 'Aplicação Fator Produção');
INSERT INTO Operacao(OperacaoID,  DataRealizacao,  TipoOperacao) VALUES (196, TO_DATE('15/09/2023','dd/mm/yyyy'), 'Colheita');
INSERT INTO Operacao(OperacaoID,  DataRealizacao,  TipoOperacao) VALUES (197, TO_DATE('16/09/2023','dd/mm/yyyy'), 'Colheita');
INSERT INTO Operacao(OperacaoID,  DataRealizacao,  TipoOperacao) VALUES (198, TO_DATE('20/09/2023','dd/mm/yyyy'), 'Colheita');
INSERT INTO Operacao(OperacaoID,  DataRealizacao,  TipoOperacao) VALUES (199, TO_DATE('27/09/2023','dd/mm/yyyy'), 'Colheita');
INSERT INTO Operacao(OperacaoID,  DataRealizacao,  TipoOperacao) VALUES (200, TO_DATE('05/10/2023','dd/mm/yyyy'), 'Colheita');
INSERT INTO Operacao(OperacaoID,  DataRealizacao,  TipoOperacao) VALUES (201, TO_DATE('15/10/2023','dd/mm/yyyy'), 'Colheita');
INSERT INTO Operacao(OperacaoID,  DataRealizacao,  TipoOperacao) VALUES (202, TO_DATE('15/10/2023','dd/mm/yyyy'), 'Colheita');
INSERT INTO Operacao(OperacaoID,  DataRealizacao,  TipoOperacao) VALUES (203, TO_DATE('12/11/2023','dd/mm/yyyy'), 'Colheita');
INSERT INTO Operacao(OperacaoID,  DataRealizacao,  TipoOperacao) VALUES (204, TO_DATE('15/11/2023','dd/mm/yyyy'), 'Colheita');
INSERT INTO Operacao(OperacaoID,  DataRealizacao,  TipoOperacao) VALUES (205, TO_DATE('13/05/2023','dd/mm/yyyy'), 'Rega');
INSERT INTO Operacao(OperacaoID,  DataRealizacao,  TipoOperacao) VALUES (206, TO_DATE('02/06/2023','dd/mm/yyyy'), 'Rega');
INSERT INTO Operacao(OperacaoID,  DataRealizacao,  TipoOperacao) VALUES (207, TO_DATE('16/06/2023','dd/mm/yyyy'), 'Rega');
INSERT INTO Operacao(OperacaoID,  DataRealizacao,  TipoOperacao) VALUES (208, TO_DATE('01/07/2023','dd/mm/yyyy'), 'Rega');
INSERT INTO Operacao(OperacaoID,  DataRealizacao,  TipoOperacao) VALUES (209, TO_DATE('08/07/2023','dd/mm/yyyy'), 'Rega');
INSERT INTO Operacao(OperacaoID,  DataRealizacao,  TipoOperacao) VALUES (210, TO_DATE('15/07/2023','dd/mm/yyyy'), 'Rega');
INSERT INTO Operacao(OperacaoID,  DataRealizacao,  TipoOperacao) VALUES (211, TO_DATE('22/07/2023','dd/mm/yyyy'), 'Rega');
INSERT INTO Operacao(OperacaoID,  DataRealizacao,  TipoOperacao) VALUES (212, TO_DATE('29/07/2023','dd/mm/yyyy'), 'Rega');
INSERT INTO Operacao(OperacaoID,  DataRealizacao,  TipoOperacao) VALUES (213, TO_DATE('05/08/2023','dd/mm/yyyy'), 'Rega');
INSERT INTO Operacao(OperacaoID,  DataRealizacao,  TipoOperacao) VALUES (214, TO_DATE('10/08/2023','dd/mm/yyyy'), 'Rega');
INSERT INTO Operacao(OperacaoID,  DataRealizacao,  TipoOperacao) VALUES (215, TO_DATE('17/08/2023','dd/mm/yyyy'), 'Rega');
INSERT INTO Operacao(OperacaoID,  DataRealizacao,  TipoOperacao) VALUES (216, TO_DATE('24/08/2023','dd/mm/yyyy'), 'Rega');
INSERT INTO Operacao(OperacaoID,  DataRealizacao,  TipoOperacao) VALUES (217, TO_DATE('02/09/2023','dd/mm/yyyy'), 'Rega');
INSERT INTO Operacao(OperacaoID,  DataRealizacao,  TipoOperacao) VALUES (218, TO_DATE('09/09/2023','dd/mm/yyyy'), 'Rega');
INSERT INTO Operacao(OperacaoID,  DataRealizacao,  TipoOperacao) VALUES (219, TO_DATE('18/09/2023','dd/mm/yyyy'), 'Rega');
INSERT INTO Operacao(OperacaoID,  DataRealizacao,  TipoOperacao) VALUES (220, TO_DATE('12/10/2016','dd/mm/yyyy'), 'Plantação');
INSERT INTO Operacao(OperacaoID,  DataRealizacao,  TipoOperacao) VALUES (221, TO_DATE('13/01/2021','dd/mm/yyyy'), 'Aplicação Fator Produção');
INSERT INTO Operacao(OperacaoID,  DataRealizacao,  TipoOperacao) VALUES (222, TO_DATE('12/01/2021','dd/mm/yyyy'), 'Aplicação Fator Produção');
INSERT INTO Operacao(OperacaoID,  DataRealizacao,  TipoOperacao) VALUES (223, TO_DATE('12/01/2021','dd/mm/yyyy'), 'Aplicação Fator Produção');
INSERT INTO Operacao(OperacaoID,  DataRealizacao,  TipoOperacao) VALUES (224, TO_DATE('12/01/2022','dd/mm/yyyy'), 'Aplicação Fator Produção');
INSERT INTO Operacao(OperacaoID,  DataRealizacao,  TipoOperacao) VALUES (225, TO_DATE('12/01/2022','dd/mm/yyyy'), 'Aplicação Fator Produção');
INSERT INTO Operacao(OperacaoID,  DataRealizacao,  TipoOperacao) VALUES (226, TO_DATE('13/01/2022','dd/mm/yyyy'), 'Aplicação Fator Produção');
INSERT INTO Operacao(OperacaoID,  DataRealizacao,  TipoOperacao) VALUES (227, TO_DATE('12/01/2023','dd/mm/yyyy'), 'Aplicação Fator Produção');
INSERT INTO Operacao(OperacaoID,  DataRealizacao,  TipoOperacao) VALUES (228, TO_DATE('12/01/2023','dd/mm/yyyy'), 'Aplicação Fator Produção');
INSERT INTO Operacao(OperacaoID,  DataRealizacao,  TipoOperacao) VALUES (229, TO_DATE('12/01/2023','dd/mm/yyyy'), 'Aplicação Fator Produção');
INSERT INTO Operacao(OperacaoID,  DataRealizacao,  TipoOperacao) VALUES (230, TO_DATE('02/11/2023','dd/mm/yyyy'), 'Colheita');
INSERT INTO Operacao(OperacaoID,  DataRealizacao,  TipoOperacao) VALUES (231, TO_DATE('05/11/2023','dd/mm/yyyy'), 'Colheita');
INSERT INTO Operacao(OperacaoID,  DataRealizacao,  TipoOperacao) VALUES (232, TO_DATE('08/11/2023','dd/mm/yyyy'), 'Colheita');
INSERT INTO Operacao(OperacaoID,  DataRealizacao,  TipoOperacao) VALUES (233, TO_DATE('02/06/2023','dd/mm/yyyy'), 'Rega');
INSERT INTO Operacao(OperacaoID,  DataRealizacao,  TipoOperacao) VALUES (234, TO_DATE('02/07/2023','dd/mm/yyyy'), 'Rega');
INSERT INTO Operacao(OperacaoID,  DataRealizacao,  TipoOperacao) VALUES (235, TO_DATE('02/08/2023','dd/mm/yyyy'), 'Rega');
INSERT INTO Operacao(OperacaoID,  DataRealizacao,  TipoOperacao) VALUES (236, TO_DATE('04/09/2023','dd/mm/yyyy'), 'Rega');
INSERT INTO Operacao(OperacaoID,  DataRealizacao,  TipoOperacao) VALUES (237, TO_DATE('02/10/2023','dd/mm/yyyy'), 'Rega');
INSERT INTO Operacao(OperacaoID,  DataRealizacao,  TipoOperacao) VALUES (238, TO_DATE('01/04/2023','dd/mm/yyyy'), 'Aplicação Fator Produção');
INSERT INTO Operacao(OperacaoID,  DataRealizacao,  TipoOperacao) VALUES (239, TO_DATE('05/04/2023','dd/mm/yyyy'), 'Semeadura');
INSERT INTO Operacao(OperacaoID,  DataRealizacao,  TipoOperacao) VALUES (240, TO_DATE('06/04/2023','dd/mm/yyyy'), 'Semeadura');
INSERT INTO Operacao(OperacaoID,  DataRealizacao,  TipoOperacao) VALUES (241, TO_DATE('08/05/2023','dd/mm/yyyy'), 'Monda');
INSERT INTO Operacao(OperacaoID,  DataRealizacao,  TipoOperacao) VALUES (242, TO_DATE('20/05/2023','dd/mm/yyyy'), 'Monda');
INSERT INTO Operacao(OperacaoID,  DataRealizacao,  TipoOperacao) VALUES (243, TO_DATE('14/06/2023','dd/mm/yyyy'), 'Colheita');
INSERT INTO Operacao(OperacaoID,  DataRealizacao,  TipoOperacao) VALUES (244, TO_DATE('20/06/2023','dd/mm/yyyy'), 'Monda');
INSERT INTO Operacao(OperacaoID,  DataRealizacao,  TipoOperacao) VALUES (245, TO_DATE('28/06/2023','dd/mm/yyyy'), 'Colheita');
INSERT INTO Operacao(OperacaoID,  DataRealizacao,  TipoOperacao) VALUES (246, TO_DATE('03/07/2023','dd/mm/yyyy'), 'Aplicação Fator Produção');
INSERT INTO Operacao(OperacaoID,  DataRealizacao,  TipoOperacao) VALUES (247, TO_DATE('04/07/2023','dd/mm/yyyy'), 'Mobilização do Solo');
INSERT INTO Operacao(OperacaoID,  DataRealizacao,  TipoOperacao) VALUES (248, TO_DATE('05/07/2023','dd/mm/yyyy'), 'Semeadura');
INSERT INTO Operacao(OperacaoID,  DataRealizacao,  TipoOperacao) VALUES (249, TO_DATE('08/08/2023','dd/mm/yyyy'), 'Monda');
INSERT INTO Operacao(OperacaoID,  DataRealizacao,  TipoOperacao) VALUES (250, TO_DATE('15/09/2023','dd/mm/yyyy'), 'Colheita');
INSERT INTO Operacao(OperacaoID,  DataRealizacao,  TipoOperacao) VALUES (251, TO_DATE('25/09/2023','dd/mm/yyyy'), 'Colheita');
INSERT INTO Operacao(OperacaoID,  DataRealizacao,  TipoOperacao) VALUES (252, TO_DATE('18/09/2023','dd/mm/yyyy'), 'Colheita');
INSERT INTO Operacao(OperacaoID,  DataRealizacao,  TipoOperacao) VALUES (253, TO_DATE('22/09/2023','dd/mm/yyyy'), 'Colheita');
INSERT INTO Operacao(OperacaoID,  DataRealizacao,  TipoOperacao) VALUES (254, TO_DATE('05/10/2023','dd/mm/yyyy'), 'Colheita');
INSERT INTO Operacao(OperacaoID,  DataRealizacao,  TipoOperacao) VALUES (255, TO_DATE('10/10/2023','dd/mm/yyyy'), 'Mobilização do Solo');
INSERT INTO Operacao(OperacaoID,  DataRealizacao,  TipoOperacao) VALUES (256, TO_DATE('12/10/2023','dd/mm/yyyy'), 'Semeadura');
INSERT INTO Operacao(OperacaoID,  DataRealizacao,  TipoOperacao) VALUES (257, TO_DATE('12/06/2023','dd/mm/yyyy'), 'Rega');
INSERT INTO Operacao(OperacaoID,  DataRealizacao,  TipoOperacao) VALUES (258, TO_DATE('19/06/2023','dd/mm/yyyy'), 'Rega');
INSERT INTO Operacao(OperacaoID,  DataRealizacao,  TipoOperacao) VALUES (259, TO_DATE('30/06/2023','dd/mm/yyyy'), 'Rega');
INSERT INTO Operacao(OperacaoID,  DataRealizacao,  TipoOperacao) VALUES (260, TO_DATE('08/07/2023','dd/mm/yyyy'), 'Rega');
INSERT INTO Operacao(OperacaoID,  DataRealizacao,  TipoOperacao) VALUES (261, TO_DATE('15/07/2023','dd/mm/yyyy'), 'Rega');
INSERT INTO Operacao(OperacaoID,  DataRealizacao,  TipoOperacao) VALUES (262, TO_DATE('22/07/2023','dd/mm/yyyy'), 'Rega');
INSERT INTO Operacao(OperacaoID,  DataRealizacao,  TipoOperacao) VALUES (263, TO_DATE('29/07/2023','dd/mm/yyyy'), 'Rega');
INSERT INTO Operacao(OperacaoID,  DataRealizacao,  TipoOperacao) VALUES (264, TO_DATE('05/08/2023','dd/mm/yyyy'), 'Rega');
INSERT INTO Operacao(OperacaoID,  DataRealizacao,  TipoOperacao) VALUES (265, TO_DATE('12/08/2023','dd/mm/yyyy'), 'Rega');
INSERT INTO Operacao(OperacaoID,  DataRealizacao,  TipoOperacao) VALUES (266, TO_DATE('19/08/2023','dd/mm/yyyy'), 'Rega');
INSERT INTO Operacao(OperacaoID,  DataRealizacao,  TipoOperacao) VALUES (267, TO_DATE('26/08/2023','dd/mm/yyyy'), 'Rega');
INSERT INTO Operacao(OperacaoID,  DataRealizacao,  TipoOperacao) VALUES (268, TO_DATE('31/08/2023','dd/mm/yyyy'), 'Rega');
INSERT INTO Operacao(OperacaoID,  DataRealizacao,  TipoOperacao) VALUES (269, TO_DATE('05/09/2023','dd/mm/yyyy'), 'Rega');
INSERT INTO Operacao(OperacaoID,  DataRealizacao,  TipoOperacao) VALUES (270, TO_DATE('20/05/2023','dd/mm/yyyy'), 'Rega');
INSERT INTO Operacao(OperacaoID,  DataRealizacao,  TipoOperacao) VALUES (271, TO_DATE('02/06/2023','dd/mm/yyyy'), 'Rega');
INSERT INTO Operacao(OperacaoID,  DataRealizacao,  TipoOperacao) VALUES (272, TO_DATE('09/06/2023','dd/mm/yyyy'), 'Rega');
INSERT INTO Operacao(OperacaoID,  DataRealizacao,  TipoOperacao) VALUES (273, TO_DATE('09/07/2023','dd/mm/yyyy'), 'Rega');
INSERT INTO Operacao(OperacaoID,  DataRealizacao,  TipoOperacao) VALUES (274, TO_DATE('16/07/2023','dd/mm/yyyy'), 'Rega');
INSERT INTO Operacao(OperacaoID,  DataRealizacao,  TipoOperacao) VALUES (275, TO_DATE('23/07/2023','dd/mm/yyyy'), 'Rega');
INSERT INTO Operacao(OperacaoID,  DataRealizacao,  TipoOperacao) VALUES (276, TO_DATE('30/07/2023','dd/mm/yyyy'), 'Rega');
INSERT INTO Operacao(OperacaoID,  DataRealizacao,  TipoOperacao) VALUES (277, TO_DATE('07/08/2023','dd/mm/yyyy'), 'Rega');
INSERT INTO Operacao(OperacaoID,  DataRealizacao,  TipoOperacao) VALUES (278, TO_DATE('14/08/2023','dd/mm/yyyy'), 'Rega');
INSERT INTO Operacao(OperacaoID,  DataRealizacao,  TipoOperacao) VALUES (279, TO_DATE('21/08/2023','dd/mm/yyyy'), 'Rega');
INSERT INTO Operacao(OperacaoID,  DataRealizacao,  TipoOperacao) VALUES (280, TO_DATE('28/08/2023','dd/mm/yyyy'), 'Rega');
INSERT INTO Operacao(OperacaoID,  DataRealizacao,  TipoOperacao) VALUES (281, TO_DATE('06/09/2023','dd/mm/yyyy'), 'Rega');
INSERT INTO Operacao(OperacaoID,  DataRealizacao,  TipoOperacao) VALUES (282, TO_DATE('13/09/2023','dd/mm/yyyy'), 'Rega');
INSERT INTO Operacao(OperacaoID,  DataRealizacao,  TipoOperacao) VALUES (283, TO_DATE('20/09/2023','dd/mm/yyyy'), 'Rega');

INSERT INTO Plantacao(OperacaoID, CultivoID, Quantidade) VALUES (1, 14, 30);
INSERT INTO Plantacao(OperacaoID, CultivoID, Quantidade) VALUES (2, 15, 20);
INSERT INTO Plantacao(OperacaoID, CultivoID, Quantidade) VALUES (3, 25, 90);
INSERT INTO Plantacao(OperacaoID, CultivoID, Quantidade) VALUES (4, 26, 60);
INSERT INTO Plantacao(OperacaoID, CultivoID, Quantidade) VALUES (5, 27, 40);
INSERT INTO Plantacao(OperacaoID, CultivoID, Quantidade) VALUES (13, 29, 500);
INSERT INTO Plantacao(OperacaoID, CultivoID, Quantidade) VALUES (14, 30, 700);
INSERT INTO Plantacao(OperacaoID, CultivoID, Quantidade) VALUES (20, 28, 30);
INSERT INTO Plantacao(OperacaoID, CultivoID, Quantidade) VALUES (166, 32, 50);
INSERT INTO Plantacao(OperacaoID, CultivoID, Quantidade) VALUES (167, 34, 20);
INSERT INTO Plantacao(OperacaoID, CultivoID, Quantidade) VALUES (168, 33, 40);
INSERT INTO Plantacao(OperacaoID, CultivoID, Quantidade) VALUES (169, 35, 30);
INSERT INTO Plantacao(OperacaoID, CultivoID, Quantidade) VALUES (170, 36, 40);
INSERT INTO Plantacao(OperacaoID, CultivoID, Quantidade) VALUES (171, 37, 50);
INSERT INTO Plantacao(OperacaoID, CultivoID, Quantidade) VALUES (220, 31, 40);

INSERT INTO MobilizacaoSolo (OperacaoID, ParcelaID, Area) VALUES (247, 108, 0.5);
INSERT INTO MobilizacaoSolo (OperacaoID, ParcelaID, Area) VALUES (255, 108, 1.1);

INSERT INTO IncorporacaoSolo(OperacaoID, CultivoID, Area) VALUES (65, 4, 1.3);
INSERT INTO IncorporacaoSolo(OperacaoID, CultivoID, Area) VALUES (66, 4, 1.3);
INSERT INTO IncorporacaoSolo(OperacaoID, CultivoID, Area) VALUES (103, 11, 1.3);
INSERT INTO IncorporacaoSolo(OperacaoID, CultivoID, Area) VALUES (104, 6, 1.3);
INSERT INTO IncorporacaoSolo(OperacaoID, CultivoID, Area) VALUES (143, 13, 1.3);

INSERT INTO Colheita(OperacaoID, ProdutoID, CultivoID, QuantidadeProduto) VALUES (40, 79, 16, 2200);
INSERT INTO Colheita(OperacaoID, ProdutoID, CultivoID, QuantidadeProduto) VALUES (41, 79, 16, 1400);
INSERT INTO Colheita(OperacaoID, ProdutoID, CultivoID, QuantidadeProduto) VALUES (43, 82, 8, 3300);
INSERT INTO Colheita(OperacaoID, ProdutoID, CultivoID, QuantidadeProduto) VALUES (44, 78, 17, 600);
INSERT INTO Colheita(OperacaoID, ProdutoID, CultivoID, QuantidadeProduto) VALUES (45, 78, 17, 1800);
INSERT INTO Colheita(OperacaoID, ProdutoID, CultivoID, QuantidadeProduto) VALUES (51, 93, 18, 600);
INSERT INTO Colheita(OperacaoID, ProdutoID, CultivoID, QuantidadeProduto) VALUES (59, 93, 18, 2500);
INSERT INTO Colheita(OperacaoID, ProdutoID, CultivoID, QuantidadeProduto) VALUES (61, 93, 18, 2900);
INSERT INTO Colheita(OperacaoID, ProdutoID, CultivoID, QuantidadeProduto) VALUES (70, 77, 19, 2200);
INSERT INTO Colheita(OperacaoID, ProdutoID, CultivoID, QuantidadeProduto) VALUES (71, 77, 19, 1400);
INSERT INTO Colheita(OperacaoID, ProdutoID, CultivoID, QuantidadeProduto) VALUES (73, 94, 29, 300);
INSERT INTO Colheita(OperacaoID, ProdutoID, CultivoID, QuantidadeProduto) VALUES (74, 94, 29, 400);
INSERT INTO Colheita(OperacaoID, ProdutoID, CultivoID, QuantidadeProduto) VALUES (75, 83, 5, 3300);
INSERT INTO Colheita(OperacaoID, ProdutoID, CultivoID, QuantidadeProduto) VALUES (76, 48, 27, 900);
INSERT INTO Colheita(OperacaoID, ProdutoID, CultivoID, QuantidadeProduto) VALUES (77, 82, 10, 3300);
INSERT INTO Colheita(OperacaoID, ProdutoID, CultivoID, QuantidadeProduto) VALUES (78, 75, 20, 600);
INSERT INTO Colheita(OperacaoID, ProdutoID, CultivoID, QuantidadeProduto) VALUES (79, 48, 28, 800);
INSERT INTO Colheita(OperacaoID, ProdutoID, CultivoID, QuantidadeProduto) VALUES (80, 75, 20, 1800);
INSERT INTO Colheita(OperacaoID, ProdutoID, CultivoID, QuantidadeProduto) VALUES (81, 41, 25, 800);
INSERT INTO Colheita(OperacaoID, ProdutoID, CultivoID, QuantidadeProduto) VALUES (83, 41, 25, 1200);
INSERT INTO Colheita(OperacaoID, ProdutoID, CultivoID, QuantidadeProduto) VALUES (86, 37, 26, 950);
INSERT INTO Colheita(OperacaoID, ProdutoID, CultivoID, QuantidadeProduto) VALUES (87, 37, 26, 750);
INSERT INTO Colheita(OperacaoID, ProdutoID, CultivoID, QuantidadeProduto) VALUES (88, 92, 14, 210);
INSERT INTO Colheita(OperacaoID, ProdutoID, CultivoID, QuantidadeProduto) VALUES (89, 89, 15, 120);
INSERT INTO Colheita(OperacaoID, ProdutoID, CultivoID, QuantidadeProduto) VALUES (90, 93, 21, 600);
INSERT INTO Colheita(OperacaoID, ProdutoID, CultivoID, QuantidadeProduto) VALUES (97, 93, 21, 2500);
INSERT INTO Colheita(OperacaoID, ProdutoID, CultivoID, QuantidadeProduto) VALUES (99, 93, 21, 2900);
INSERT INTO Colheita(OperacaoID, ProdutoID, CultivoID, QuantidadeProduto) VALUES (107, 77, 22, 2250);
INSERT INTO Colheita(OperacaoID, ProdutoID, CultivoID, QuantidadeProduto) VALUES (109, 77, 22, 1300);
INSERT INTO Colheita(OperacaoID, ProdutoID, CultivoID, QuantidadeProduto) VALUES (111, 94, 29, 600);
INSERT INTO Colheita(OperacaoID, ProdutoID, CultivoID, QuantidadeProduto) VALUES (112, 94, 29, 500);
INSERT INTO Colheita(OperacaoID, ProdutoID, CultivoID, QuantidadeProduto) VALUES (113, 95, 30, 1200);
INSERT INTO Colheita(OperacaoID, ProdutoID, CultivoID, QuantidadeProduto) VALUES (114, 95, 30, 600);
INSERT INTO Colheita(OperacaoID, ProdutoID, CultivoID, QuantidadeProduto) VALUES (115, 83, 7, 3500);
INSERT INTO Colheita(OperacaoID, ProdutoID, CultivoID, QuantidadeProduto) VALUES (116, 82, 12, 3300);
INSERT INTO Colheita(OperacaoID, ProdutoID, CultivoID, QuantidadeProduto) VALUES (117, 48, 27, 950);
INSERT INTO Colheita(OperacaoID, ProdutoID, CultivoID, QuantidadeProduto) VALUES (118, 78, 23, 650);
INSERT INTO Colheita(OperacaoID, ProdutoID, CultivoID, QuantidadeProduto) VALUES (119, 78, 23, 1900);
INSERT INTO Colheita(OperacaoID, ProdutoID, CultivoID, QuantidadeProduto) VALUES (120, 48, 28, 830);
INSERT INTO Colheita(OperacaoID, ProdutoID, CultivoID, QuantidadeProduto) VALUES (121, 41, 25, 750);
INSERT INTO Colheita(OperacaoID, ProdutoID, CultivoID, QuantidadeProduto) VALUES (122, 41, 25, 1150);
INSERT INTO Colheita(OperacaoID, ProdutoID, CultivoID, QuantidadeProduto) VALUES (125, 37, 26, 850);
INSERT INTO Colheita(OperacaoID, ProdutoID, CultivoID, QuantidadeProduto) VALUES (126, 37, 26, 900);
INSERT INTO Colheita(OperacaoID, ProdutoID, CultivoID, QuantidadeProduto) VALUES (129, 92, 14, 300);
INSERT INTO Colheita(OperacaoID, ProdutoID, CultivoID, QuantidadeProduto) VALUES (130, 89, 15, 200);
INSERT INTO Colheita(OperacaoID, ProdutoID, CultivoID, QuantidadeProduto) VALUES (131, 84, 24, 50);
INSERT INTO Colheita(OperacaoID, ProdutoID, CultivoID, QuantidadeProduto) VALUES (137, 84, 24, 200);
INSERT INTO Colheita(OperacaoID, ProdutoID, CultivoID, QuantidadeProduto) VALUES (140, 84, 24, 250);
INSERT INTO Colheita(OperacaoID, ProdutoID, CultivoID, QuantidadeProduto) VALUES (159, 48, 27, 700);
INSERT INTO Colheita(OperacaoID, ProdutoID, CultivoID, QuantidadeProduto) VALUES (160, 48, 28, 900);
INSERT INTO Colheita(OperacaoID, ProdutoID, CultivoID, QuantidadeProduto) VALUES (161, 41, 25, 900);
INSERT INTO Colheita(OperacaoID, ProdutoID, CultivoID, QuantidadeProduto) VALUES (162, 41, 25, 1050);
INSERT INTO Colheita(OperacaoID, ProdutoID, CultivoID, QuantidadeProduto) VALUES (163, 37, 26, 950);
INSERT INTO Colheita(OperacaoID, ProdutoID, CultivoID, QuantidadeProduto) VALUES (164, 37, 26, 800);
INSERT INTO Colheita(OperacaoID, ProdutoID, CultivoID, QuantidadeProduto) VALUES (196, 45, 35, 700);
INSERT INTO Colheita(OperacaoID, ProdutoID, CultivoID, QuantidadeProduto) VALUES (197, 46, 36, 600);
INSERT INTO Colheita(OperacaoID, ProdutoID, CultivoID, QuantidadeProduto) VALUES (198, 46, 36, 700);
INSERT INTO Colheita(OperacaoID, ProdutoID, CultivoID, QuantidadeProduto) VALUES (199, 61, 33, 600);
INSERT INTO Colheita(OperacaoID, ProdutoID, CultivoID, QuantidadeProduto) VALUES (200, 61, 33, 700);
INSERT INTO Colheita(OperacaoID, ProdutoID, CultivoID, QuantidadeProduto) VALUES (201, 57, 37, 1200);
INSERT INTO Colheita(OperacaoID, ProdutoID, CultivoID, QuantidadeProduto) VALUES (202, 56, 34, 700);
INSERT INTO Colheita(OperacaoID, ProdutoID, CultivoID, QuantidadeProduto) VALUES (203, 44, 32, 700);
INSERT INTO Colheita(OperacaoID, ProdutoID, CultivoID, QuantidadeProduto) VALUES (204, 44, 32, 800);
INSERT INTO Colheita(OperacaoID, ProdutoID, CultivoID, QuantidadeProduto) VALUES (230, 86, 31, 400);
INSERT INTO Colheita(OperacaoID, ProdutoID, CultivoID, QuantidadeProduto) VALUES (231, 89, 15, 300);
INSERT INTO Colheita(OperacaoID, ProdutoID, CultivoID, QuantidadeProduto) VALUES (232, 92, 14, 350);
INSERT INTO Colheita(OperacaoID, ProdutoID, CultivoID, QuantidadeProduto) VALUES (243, 77, 38, 1500);
INSERT INTO Colheita(OperacaoID, ProdutoID, CultivoID, QuantidadeProduto) VALUES (245, 77, 38, 2500);
INSERT INTO Colheita(OperacaoID, ProdutoID, CultivoID, QuantidadeProduto) VALUES (250, 98, 40, 8000);
INSERT INTO Colheita(OperacaoID, ProdutoID, CultivoID, QuantidadeProduto) VALUES (251, 98, 40, 5000);
INSERT INTO Colheita(OperacaoID, ProdutoID, CultivoID, QuantidadeProduto) VALUES (252, 75, 39, 900);
INSERT INTO Colheita(OperacaoID, ProdutoID, CultivoID, QuantidadeProduto) VALUES (253, 75, 39, 1500);
INSERT INTO Colheita(OperacaoID, ProdutoID, CultivoID, QuantidadeProduto) VALUES (254, 75, 39, 1200);

INSERT INTO Rega(OperacaoID, Hora, SetorID, Duracao, ParcelaID) VALUES (144, TO_TIMESTAMP( '07:00', 'hh24:mi'), 21, 120, 104);
INSERT INTO Rega(OperacaoID, Hora, SetorID, Duracao, ParcelaID) VALUES (145, TO_TIMESTAMP( '07:00', 'hh24:mi'), 21, 120, 104);
INSERT INTO Rega(OperacaoID, Hora, SetorID, Duracao, ParcelaID) VALUES (146, TO_TIMESTAMP( '07:00', 'hh24:mi'), 21, 120, 104);
INSERT INTO Rega(OperacaoID, Hora, SetorID, Duracao, ParcelaID) VALUES (147, TO_TIMESTAMP( '07:00', 'hh24:mi'), 21, 120, 104);
INSERT INTO Rega(OperacaoID, Hora, SetorID, Duracao, ParcelaID) VALUES (148, TO_TIMESTAMP( '07:00', 'hh24:mi'), 21, 180, 104);
INSERT INTO Rega(OperacaoID, Hora, SetorID, Duracao, ParcelaID) VALUES (149, TO_TIMESTAMP( ' 22:00', 'hh24:mi'), 21, 180, 104);
INSERT INTO Rega(OperacaoID, Hora, SetorID, Duracao, ParcelaID) VALUES (150, TO_TIMESTAMP( ' 22:00', 'hh24:mi'), 21, 180, 104);
INSERT INTO Rega(OperacaoID, Hora, SetorID, Duracao, ParcelaID) VALUES (151, TO_TIMESTAMP( ' 22:00', 'hh24:mi'), 21, 180, 104);
INSERT INTO Rega(OperacaoID, Hora, SetorID, Duracao, ParcelaID) VALUES (152, TO_TIMESTAMP( ' 22:00', 'hh24:mi'), 21, 150, 104);
INSERT INTO Rega(OperacaoID, Hora, SetorID, Duracao, ParcelaID) VALUES (153, TO_TIMESTAMP( ' 22:00', 'hh24:mi'), 21, 150, 104);
INSERT INTO Rega(OperacaoID, Hora, SetorID, Duracao, ParcelaID) VALUES (154, TO_TIMESTAMP( ' 22:00', 'hh24:mi'), 21, 150, 104);
INSERT INTO Rega(OperacaoID, Hora, SetorID, Duracao, ParcelaID) VALUES (155, TO_TIMESTAMP( ' 22:00', 'hh24:mi'), 21, 120, 104);
INSERT INTO Rega(OperacaoID, Hora, SetorID, Duracao, ParcelaID) VALUES (156, TO_TIMESTAMP( ' 22:00', 'hh24:mi'), 21, 120, 104);
INSERT INTO Rega(OperacaoID, Hora, SetorID, Duracao, ParcelaID) VALUES (157, TO_TIMESTAMP( ' 22:00', 'hh24:mi'), 21, 120, 104);
INSERT INTO Rega(OperacaoID, Hora, SetorID, Duracao, ParcelaID) VALUES (158, TO_TIMESTAMP( ' 22:00', 'hh24:mi'), 21, 120, 104);
INSERT INTO Rega(OperacaoID, Hora, SetorID, Duracao, ParcelaID) VALUES (205, TO_TIMESTAMP( ' 23:00', 'hh24:mi'), 22, 120, 105);
INSERT INTO Rega(OperacaoID, Hora, SetorID, Duracao, ParcelaID) VALUES (206, TO_TIMESTAMP( ' 23:00', 'hh24:mi'), 22, 120, 105);
INSERT INTO Rega(OperacaoID, Hora, SetorID, Duracao, ParcelaID) VALUES (207, TO_TIMESTAMP( ' 23:00', 'hh24:mi'), 22, 120, 105);
INSERT INTO Rega(OperacaoID, Hora, SetorID, Duracao, ParcelaID) VALUES (208, TO_TIMESTAMP( ' 23:00', 'hh24:mi'), 22, 120, 105);
INSERT INTO Rega(OperacaoID, Hora, SetorID, Duracao, ParcelaID) VALUES (209, TO_TIMESTAMP( ' 23:00', 'hh24:mi'), 22, 180, 105);
INSERT INTO Rega(OperacaoID, Hora, SetorID, Duracao, ParcelaID) VALUES (210, TO_TIMESTAMP( ' 23:00', 'hh24:mi'), 22, 180, 105);
INSERT INTO Rega(OperacaoID, Hora, SetorID, Duracao, ParcelaID) VALUES (211, TO_TIMESTAMP( ' 23:00', 'hh24:mi'), 22, 180, 105);
INSERT INTO Rega(OperacaoID, Hora, SetorID, Duracao, ParcelaID) VALUES (212, TO_TIMESTAMP( ' 23:00', 'hh24:mi'), 22, 180, 105);
INSERT INTO Rega(OperacaoID, Hora, SetorID, Duracao, ParcelaID) VALUES (213, TO_TIMESTAMP( ' 23:00', 'hh24:mi'), 22, 150, 105);
INSERT INTO Rega(OperacaoID, Hora, SetorID, Duracao, ParcelaID) VALUES (214, TO_TIMESTAMP( ' 23:00', 'hh24:mi'), 22, 150, 105);
INSERT INTO Rega(OperacaoID, Hora, SetorID, Duracao, ParcelaID) VALUES (215, TO_TIMESTAMP( ' 23:00', 'hh24:mi'), 22, 150, 105);
INSERT INTO Rega(OperacaoID, Hora, SetorID, Duracao, ParcelaID) VALUES (216, TO_TIMESTAMP( ' 23:00', 'hh24:mi'), 22, 120, 105);
INSERT INTO Rega(OperacaoID, Hora, SetorID, Duracao, ParcelaID) VALUES (217, TO_TIMESTAMP( ' 23:00', 'hh24:mi'), 22, 120, 105);
INSERT INTO Rega(OperacaoID, Hora, SetorID, Duracao, ParcelaID) VALUES (218, TO_TIMESTAMP( ' 23:00', 'hh24:mi'), 22, 120, 105);
INSERT INTO Rega(OperacaoID, Hora, SetorID, Duracao, ParcelaID) VALUES (219, TO_TIMESTAMP( ' 23:00', 'hh24:mi'), 22, 120, 105);
INSERT INTO Rega(OperacaoID, Hora, SetorID, Duracao, ParcelaID) VALUES (233, TO_TIMESTAMP( ' 06:00', 'hh24:mi'), 10, 60, 102);
INSERT INTO Rega(OperacaoID, Hora, SetorID, Duracao, ParcelaID) VALUES (234, TO_TIMESTAMP( ' 06:00', 'hh24:mi'), 10, 120, 102);
INSERT INTO Rega(OperacaoID, Hora, SetorID, Duracao, ParcelaID) VALUES (235, TO_TIMESTAMP( ' 05:00', 'hh24:mi'), 10, 180, 102);
INSERT INTO Rega(OperacaoID, Hora, SetorID, Duracao, ParcelaID) VALUES (236, TO_TIMESTAMP( ' 06:00', 'hh24:mi'), 10, 120, 102);
INSERT INTO Rega(OperacaoID, Hora, SetorID, Duracao, ParcelaID) VALUES (237, TO_TIMESTAMP( ' 06:00', 'hh24:mi'), 10, 60, 102);
INSERT INTO Rega(OperacaoID, Hora, SetorID, Duracao, ParcelaID) VALUES (257, TO_TIMESTAMP( ' 06:00', 'hh24:mi'), 42, 60, 108);
INSERT INTO Rega(OperacaoID, Hora, SetorID, Duracao, ParcelaID) VALUES (258, TO_TIMESTAMP( ' 06:00', 'hh24:mi'), 42, 60, 108);
INSERT INTO Rega(OperacaoID, Hora, SetorID, Duracao, ParcelaID) VALUES (259, TO_TIMESTAMP( ' 04:00', 'hh24:mi'), 42, 120, 108);
INSERT INTO Rega(OperacaoID, Hora, SetorID, Duracao, ParcelaID) VALUES (260, TO_TIMESTAMP( ' 04:00', 'hh24:mi'), 42, 120, 108);
INSERT INTO Rega(OperacaoID, Hora, SetorID, Duracao, ParcelaID) VALUES (261, TO_TIMESTAMP( ' 04:00', 'hh24:mi'), 42, 120, 108);
INSERT INTO Rega(OperacaoID, Hora, SetorID, Duracao, ParcelaID) VALUES (262, TO_TIMESTAMP( ' 04:00', 'hh24:mi'), 42, 150, 108);
INSERT INTO Rega(OperacaoID, Hora, SetorID, Duracao, ParcelaID) VALUES (263, TO_TIMESTAMP( ' 04:00', 'hh24:mi'), 42, 150, 108);
INSERT INTO Rega(OperacaoID, Hora, SetorID, Duracao, ParcelaID) VALUES (264, TO_TIMESTAMP( ' 21:30', 'hh24:mi'), 42, 120, 108);
INSERT INTO Rega(OperacaoID, Hora, SetorID, Duracao, ParcelaID) VALUES (265, TO_TIMESTAMP( ' 21:30', 'hh24:mi'), 42, 120, 108);
INSERT INTO Rega(OperacaoID, Hora, SetorID, Duracao, ParcelaID) VALUES (266, TO_TIMESTAMP( ' 21:30', 'hh24:mi'), 42, 120, 108);
INSERT INTO Rega(OperacaoID, Hora, SetorID, Duracao, ParcelaID) VALUES (267, TO_TIMESTAMP( ' 21:30', 'hh24:mi'), 42, 120, 108);
INSERT INTO Rega(OperacaoID, Hora, SetorID, Duracao, ParcelaID) VALUES (268, TO_TIMESTAMP( ' 21:30', 'hh24:mi'), 42, 120, 108);
INSERT INTO Rega(OperacaoID, Hora, SetorID, Duracao, ParcelaID) VALUES (269, TO_TIMESTAMP( ' 21:30', 'hh24:mi'), 42, 120, 108);
INSERT INTO Rega(OperacaoID, Hora, SetorID, Duracao, ParcelaID) VALUES (270, TO_TIMESTAMP( ' 07:30', 'hh24:mi'), 41, 120, 108);
INSERT INTO Rega(OperacaoID, Hora, SetorID, Duracao, ParcelaID) VALUES (271, TO_TIMESTAMP( ' 07:30', 'hh24:mi'), 41, 120, 108);
INSERT INTO Rega(OperacaoID, Hora, SetorID, Duracao, ParcelaID) VALUES (272, TO_TIMESTAMP( ' 06:20', 'hh24:mi'), 41, 120, 108);
INSERT INTO Rega(OperacaoID, Hora, SetorID, Duracao, ParcelaID) VALUES (273, TO_TIMESTAMP( ' 06:20', 'hh24:mi'), 41, 120, 108);
INSERT INTO Rega(OperacaoID, Hora, SetorID, Duracao, ParcelaID) VALUES (274, TO_TIMESTAMP( ' 06:20', 'hh24:mi'), 41, 120, 108);
INSERT INTO Rega(OperacaoID, Hora, SetorID, Duracao, ParcelaID) VALUES (275, TO_TIMESTAMP( ' 06:20', 'hh24:mi'), 41, 120, 108);
INSERT INTO Rega(OperacaoID, Hora, SetorID, Duracao, ParcelaID) VALUES (276, TO_TIMESTAMP( ' 06:20', 'hh24:mi'), 41, 120, 108);
INSERT INTO Rega(OperacaoID, Hora, SetorID, Duracao, ParcelaID) VALUES (277, TO_TIMESTAMP( ' 06:20', 'hh24:mi'), 41, 120, 108);
INSERT INTO Rega(OperacaoID, Hora, SetorID, Duracao, ParcelaID) VALUES (278, TO_TIMESTAMP( ' 06:20', 'hh24:mi'), 41, 120, 108);
INSERT INTO Rega(OperacaoID, Hora, SetorID, Duracao, ParcelaID) VALUES (279, TO_TIMESTAMP( ' 06:20', 'hh24:mi'), 41, 120, 108);
INSERT INTO Rega(OperacaoID, Hora, SetorID, Duracao, ParcelaID) VALUES (280, TO_TIMESTAMP( ' 06:20', 'hh24:mi'), 41, 120, 108);
INSERT INTO Rega(OperacaoID, Hora, SetorID, Duracao, ParcelaID) VALUES (281, TO_TIMESTAMP( ' 06:20', 'hh24:mi'), 41, 120, 108);
INSERT INTO Rega(OperacaoID, Hora, SetorID, Duracao, ParcelaID) VALUES (282, TO_TIMESTAMP( ' 07:00', 'hh24:mi'), 41, 120, 108);
INSERT INTO Rega(OperacaoID, Hora, SetorID, Duracao, ParcelaID) VALUES (283, TO_TIMESTAMP( ' 07:00', 'hh24:mi'), 41, 120, 108);

INSERT INTO Monda(OperacaoID, Modo, CultivoID, FatorProducaoID, Area) VALUES (241, '', 38, '', 0.5);
INSERT INTO Monda(OperacaoID, Modo, CultivoID, FatorProducaoID, Area) VALUES (242, '', 40, '', 0.6);
INSERT INTO Monda(OperacaoID, Modo, CultivoID, FatorProducaoID, Area) VALUES (244, '', 40, '', 0.6);
INSERT INTO Monda(OperacaoID, Modo, CultivoID, FatorProducaoID, Area) VALUES (249, '', 39, '', 0.5);

INSERT INTO Poda(OperacaoID, CultivoID, Quantidade) VALUES (6,14, 30);
INSERT INTO Poda(OperacaoID, CultivoID, Quantidade) VALUES (7,15, 20);
INSERT INTO Poda(OperacaoID, CultivoID, Quantidade) VALUES (10,25, 90);
INSERT INTO Poda(OperacaoID, CultivoID, Quantidade) VALUES (11,26, 60);
INSERT INTO Poda(OperacaoID, CultivoID, Quantidade) VALUES (12,27, 40);
INSERT INTO Poda(OperacaoID, CultivoID, Quantidade) VALUES (18,14, 30);
INSERT INTO Poda(OperacaoID, CultivoID, Quantidade) VALUES (19,15, 20);
INSERT INTO Poda(OperacaoID, CultivoID, Quantidade) VALUES (21,29, 500);
INSERT INTO Poda(OperacaoID, CultivoID, Quantidade) VALUES (22,30, 700);
INSERT INTO Poda(OperacaoID, CultivoID, Quantidade) VALUES (23,25, 90);
INSERT INTO Poda(OperacaoID, CultivoID, Quantidade) VALUES (24,26, 60);
INSERT INTO Poda(OperacaoID, CultivoID, Quantidade) VALUES (25,27, 40);
INSERT INTO Poda(OperacaoID, CultivoID, Quantidade) VALUES (31,14, 30);
INSERT INTO Poda(OperacaoID, CultivoID, Quantidade) VALUES (32,15, 20);
INSERT INTO Poda(OperacaoID, CultivoID, Quantidade) VALUES (33,29, 500);
INSERT INTO Poda(OperacaoID, CultivoID, Quantidade) VALUES (34,30, 700);
INSERT INTO Poda(OperacaoID, CultivoID, Quantidade) VALUES (49,14, 30);
INSERT INTO Poda(OperacaoID, CultivoID, Quantidade) VALUES (50,15, 20);
INSERT INTO Poda(OperacaoID, CultivoID, Quantidade) VALUES (52,28, 70);
INSERT INTO Poda(OperacaoID, CultivoID, Quantidade) VALUES (53,25, 50);
INSERT INTO Poda(OperacaoID, CultivoID, Quantidade) VALUES (56,25, 40);
INSERT INTO Poda(OperacaoID, CultivoID, Quantidade) VALUES (57,26, 60);
INSERT INTO Poda(OperacaoID, CultivoID, Quantidade) VALUES (58,29, 500);
INSERT INTO Poda(OperacaoID, CultivoID, Quantidade) VALUES (60,30, 700);
INSERT INTO Poda(OperacaoID, CultivoID, Quantidade) VALUES (91,14, 30);
INSERT INTO Poda(OperacaoID, CultivoID, Quantidade) VALUES (92,15, 20);
INSERT INTO Poda(OperacaoID, CultivoID, Quantidade) VALUES (93,28, 70);
INSERT INTO Poda(OperacaoID, CultivoID, Quantidade) VALUES (94,25, 90);
INSERT INTO Poda(OperacaoID, CultivoID, Quantidade) VALUES (95,29, 500);
INSERT INTO Poda(OperacaoID, CultivoID, Quantidade) VALUES (96,26, 60);
INSERT INTO Poda(OperacaoID, CultivoID, Quantidade) VALUES (98,30, 700);
INSERT INTO Poda(OperacaoID, CultivoID, Quantidade) VALUES (127,14, 30);
INSERT INTO Poda(OperacaoID, CultivoID, Quantidade) VALUES (128,15, 20);
INSERT INTO Poda(OperacaoID, CultivoID, Quantidade) VALUES (132,28, 70);
INSERT INTO Poda(OperacaoID, CultivoID, Quantidade) VALUES (133,25, 90);
INSERT INTO Poda(OperacaoID, CultivoID, Quantidade) VALUES (136,29, 500);
INSERT INTO Poda(OperacaoID, CultivoID, Quantidade) VALUES (138,30, 700);
INSERT INTO Poda(OperacaoID, CultivoID, Quantidade) VALUES (139,26, 60);

INSERT INTO Semeadura(OperacaoID, CultivoID, Quantidade, Area) VALUES (37,16, 0.9, '');
INSERT INTO Semeadura(OperacaoID, CultivoID, Quantidade, Area) VALUES (39,8, '', 1.2);
INSERT INTO Semeadura(OperacaoID, CultivoID, Quantidade, Area) VALUES (42,17, 0.6, '');
INSERT INTO Semeadura(OperacaoID, CultivoID, Quantidade, Area) VALUES (46,18, 0.6, '');
INSERT INTO Semeadura(OperacaoID, CultivoID, Quantidade, Area) VALUES (47,4, 36, '');
INSERT INTO Semeadura(OperacaoID, CultivoID, Quantidade, Area) VALUES (48,4, '', 1.3);
INSERT INTO Semeadura(OperacaoID, CultivoID, Quantidade, Area) VALUES (64,19, 0.9, '');
INSERT INTO Semeadura(OperacaoID, CultivoID, Quantidade, Area) VALUES (67,10, '', 1.2);
INSERT INTO Semeadura(OperacaoID, CultivoID, Quantidade, Area) VALUES (68,5, 30, '');
INSERT INTO Semeadura(OperacaoID, CultivoID, Quantidade, Area) VALUES (72,20, 0.6, '');
INSERT INTO Semeadura(OperacaoID, CultivoID, Quantidade, Area) VALUES (82,21, 0.6, '');
INSERT INTO Semeadura(OperacaoID, CultivoID, Quantidade, Area) VALUES (84,6, '', 36);
INSERT INTO Semeadura(OperacaoID, CultivoID, Quantidade, Area) VALUES (85,11, '', 1.3);
INSERT INTO Semeadura(OperacaoID, CultivoID, Quantidade, Area) VALUES (102,22, 0.9, '');
INSERT INTO Semeadura(OperacaoID, CultivoID, Quantidade, Area) VALUES (105,12, '', 1.2);
INSERT INTO Semeadura(OperacaoID, CultivoID, Quantidade, Area) VALUES (106,7, 30, '');
INSERT INTO Semeadura(OperacaoID, CultivoID, Quantidade, Area) VALUES (110,23, 0.6, '');
INSERT INTO Semeadura(OperacaoID, CultivoID, Quantidade, Area) VALUES (123,24, 0.6, '');
INSERT INTO Semeadura(OperacaoID, CultivoID, Quantidade, Area) VALUES (124,13, '', 1.3);
INSERT INTO Semeadura(OperacaoID, CultivoID, Quantidade, Area) VALUES (239,38, 1.2, 0.5);
INSERT INTO Semeadura(OperacaoID, CultivoID, Quantidade, Area) VALUES (240,40, 1.5, 0.6);
INSERT INTO Semeadura(OperacaoID, CultivoID, Quantidade, Area) VALUES (248,39, 1.2, 0.5);
INSERT INTO Semeadura(OperacaoID, CultivoID, Quantidade, Area) VALUES (256,41, 32, 1.1);

INSERT INTO AplicacaoFatorProducao(OperacaoID, FatorProducaoID, CultivoID, QuantidadeFatorProducao, Area) VALUES (8, 3, 14, 15, '');
INSERT INTO AplicacaoFatorProducao(OperacaoID, FatorProducaoID, CultivoID, QuantidadeFatorProducao, Area) VALUES (9, 3, 15, 10, '');
INSERT INTO AplicacaoFatorProducao(OperacaoID, FatorProducaoID, CultivoID, QuantidadeFatorProducao, Area) VALUES (15, 4, 25, 10, '');
INSERT INTO AplicacaoFatorProducao(OperacaoID, FatorProducaoID, CultivoID, QuantidadeFatorProducao, Area) VALUES (16, 4, 26, 6, '');
INSERT INTO AplicacaoFatorProducao(OperacaoID, FatorProducaoID, CultivoID, QuantidadeFatorProducao, Area) VALUES (17, 4, 27, 5, '');
INSERT INTO AplicacaoFatorProducao(OperacaoID, FatorProducaoID, CultivoID, QuantidadeFatorProducao, Area) VALUES (26, 1, 29, 2, '');
INSERT INTO AplicacaoFatorProducao(OperacaoID, FatorProducaoID, CultivoID, QuantidadeFatorProducao, Area) VALUES (27, 1, 30, 2.5, '');
INSERT INTO AplicacaoFatorProducao(OperacaoID, FatorProducaoID, CultivoID, QuantidadeFatorProducao, Area) VALUES (28, 4, 25, 10, '');
INSERT INTO AplicacaoFatorProducao(OperacaoID, FatorProducaoID, CultivoID, QuantidadeFatorProducao, Area) VALUES (29, 4, 26, 5, '');
INSERT INTO AplicacaoFatorProducao(OperacaoID, FatorProducaoID, CultivoID, QuantidadeFatorProducao, Area) VALUES (30, 4, 27, 7, '');
INSERT INTO AplicacaoFatorProducao(OperacaoID, FatorProducaoID, CultivoID, QuantidadeFatorProducao, Area) VALUES (35, 1, 29, 2, '');
INSERT INTO AplicacaoFatorProducao(OperacaoID, FatorProducaoID, CultivoID, QuantidadeFatorProducao, Area) VALUES (36, 1, 30, 2.5, '');
INSERT INTO AplicacaoFatorProducao(OperacaoID, FatorProducaoID, CultivoID, QuantidadeFatorProducao, Area) VALUES (38, 8, 1, 600, '');
INSERT INTO AplicacaoFatorProducao(OperacaoID, FatorProducaoID, CultivoID, QuantidadeFatorProducao, Area) VALUES (54, 3, 14, 10, '');
INSERT INTO AplicacaoFatorProducao(OperacaoID, FatorProducaoID, CultivoID, QuantidadeFatorProducao, Area) VALUES (55, 3, 15, 7, '');
INSERT INTO AplicacaoFatorProducao(OperacaoID, FatorProducaoID, CultivoID, QuantidadeFatorProducao, Area) VALUES (62, 1, 29, 2, '');
INSERT INTO AplicacaoFatorProducao(OperacaoID, FatorProducaoID, CultivoID, QuantidadeFatorProducao, Area) VALUES (63, 1, 30, 2.5, '');
INSERT INTO AplicacaoFatorProducao(OperacaoID, FatorProducaoID, CultivoID, QuantidadeFatorProducao, Area) VALUES (69, 5, 27, 10, '');
INSERT INTO AplicacaoFatorProducao(OperacaoID, FatorProducaoID, CultivoID, QuantidadeFatorProducao, Area) VALUES (100, 1, 29, 3, '');
INSERT INTO AplicacaoFatorProducao(OperacaoID, FatorProducaoID, CultivoID, QuantidadeFatorProducao, Area) VALUES (101, 1, 30, 3.5, '');
INSERT INTO AplicacaoFatorProducao(OperacaoID, FatorProducaoID, CultivoID, QuantidadeFatorProducao, Area) VALUES (108, 5, 28, 10, '');
INSERT INTO AplicacaoFatorProducao(OperacaoID, FatorProducaoID, CultivoID, QuantidadeFatorProducao, Area) VALUES (134, 3, 14, 15, '');
INSERT INTO AplicacaoFatorProducao(OperacaoID, FatorProducaoID, CultivoID, QuantidadeFatorProducao, Area) VALUES (135, 3, 15, 10, '');
INSERT INTO AplicacaoFatorProducao(OperacaoID, FatorProducaoID, CultivoID, QuantidadeFatorProducao, Area) VALUES (141, 1, 29, 4, '');
INSERT INTO AplicacaoFatorProducao(OperacaoID, FatorProducaoID, CultivoID, QuantidadeFatorProducao, Area) VALUES (142, 1, 30, 5, '');
INSERT INTO AplicacaoFatorProducao(OperacaoID, FatorProducaoID, CultivoID, QuantidadeFatorProducao, Area) VALUES (165, 13, 2, 3200, 1.1);
INSERT INTO AplicacaoFatorProducao(OperacaoID, FatorProducaoID, CultivoID, QuantidadeFatorProducao, Area) VALUES (172, 12, 32, 100, '');
INSERT INTO AplicacaoFatorProducao(OperacaoID, FatorProducaoID, CultivoID, QuantidadeFatorProducao, Area) VALUES (173, 12, 34, 40, '');
INSERT INTO AplicacaoFatorProducao(OperacaoID, FatorProducaoID, CultivoID, QuantidadeFatorProducao, Area) VALUES (174, 12, 33, 80, '');
INSERT INTO AplicacaoFatorProducao(OperacaoID, FatorProducaoID, CultivoID, QuantidadeFatorProducao, Area) VALUES (175, 12, 35, 60, '');
INSERT INTO AplicacaoFatorProducao(OperacaoID, FatorProducaoID, CultivoID, QuantidadeFatorProducao, Area) VALUES (176, 12, 36, 80, '');
INSERT INTO AplicacaoFatorProducao(OperacaoID, FatorProducaoID, CultivoID, QuantidadeFatorProducao, Area) VALUES (177, 12, 37, 100, '');
INSERT INTO AplicacaoFatorProducao(OperacaoID, FatorProducaoID, CultivoID, QuantidadeFatorProducao, Area) VALUES (178, 12, 32, 150, '');
INSERT INTO AplicacaoFatorProducao(OperacaoID, FatorProducaoID, CultivoID, QuantidadeFatorProducao, Area) VALUES (179, 12, 34, 60, '');
INSERT INTO AplicacaoFatorProducao(OperacaoID, FatorProducaoID, CultivoID, QuantidadeFatorProducao, Area) VALUES (180, 12, 33, 120, '');
INSERT INTO AplicacaoFatorProducao(OperacaoID, FatorProducaoID, CultivoID, QuantidadeFatorProducao, Area) VALUES (181, 12, 35, 90, '');
INSERT INTO AplicacaoFatorProducao(OperacaoID, FatorProducaoID, CultivoID, QuantidadeFatorProducao, Area) VALUES (182, 12, 36, 120, '');
INSERT INTO AplicacaoFatorProducao(OperacaoID, FatorProducaoID, CultivoID, QuantidadeFatorProducao, Area) VALUES (183, 12, 37, 150, '');
INSERT INTO AplicacaoFatorProducao(OperacaoID, FatorProducaoID, CultivoID, QuantidadeFatorProducao, Area) VALUES (184, 13, 32, 150, '');
INSERT INTO AplicacaoFatorProducao(OperacaoID, FatorProducaoID, CultivoID, QuantidadeFatorProducao, Area) VALUES (185, 13, 34, 60, '');
INSERT INTO AplicacaoFatorProducao(OperacaoID, FatorProducaoID, CultivoID, QuantidadeFatorProducao, Area) VALUES (186, 13, 33, 120, '');
INSERT INTO AplicacaoFatorProducao(OperacaoID, FatorProducaoID, CultivoID, QuantidadeFatorProducao, Area) VALUES (187, 13, 35, 90, '');
INSERT INTO AplicacaoFatorProducao(OperacaoID, FatorProducaoID, CultivoID, QuantidadeFatorProducao, Area) VALUES (188, 13, 36, 120, '');
INSERT INTO AplicacaoFatorProducao(OperacaoID, FatorProducaoID, CultivoID, QuantidadeFatorProducao, Area) VALUES (189, 13, 37, 150, '');
INSERT INTO AplicacaoFatorProducao(OperacaoID, FatorProducaoID, CultivoID, QuantidadeFatorProducao, Area) VALUES (190, 5, 32, 5, '');
INSERT INTO AplicacaoFatorProducao(OperacaoID, FatorProducaoID, CultivoID, QuantidadeFatorProducao, Area) VALUES (191, 5, 34, 2, '');
INSERT INTO AplicacaoFatorProducao(OperacaoID, FatorProducaoID, CultivoID, QuantidadeFatorProducao, Area) VALUES (192, 5, 33, 4, '');
INSERT INTO AplicacaoFatorProducao(OperacaoID, FatorProducaoID, CultivoID, QuantidadeFatorProducao, Area) VALUES (193, 5, 35, 3, '');
INSERT INTO AplicacaoFatorProducao(OperacaoID, FatorProducaoID, CultivoID, QuantidadeFatorProducao, Area) VALUES (194, 5, 36, 4, '');
INSERT INTO AplicacaoFatorProducao(OperacaoID, FatorProducaoID, CultivoID, QuantidadeFatorProducao, Area) VALUES (195, 5, 37, 5, '');
INSERT INTO AplicacaoFatorProducao(OperacaoID, FatorProducaoID, CultivoID, QuantidadeFatorProducao, Area) VALUES (221, 13, 15, 120, '');
INSERT INTO AplicacaoFatorProducao(OperacaoID, FatorProducaoID, CultivoID, QuantidadeFatorProducao, Area) VALUES (222, 13, 14, 180, '');
INSERT INTO AplicacaoFatorProducao(OperacaoID, FatorProducaoID, CultivoID, QuantidadeFatorProducao, Area) VALUES (223, 13, 31, 240, '');
INSERT INTO AplicacaoFatorProducao(OperacaoID, FatorProducaoID, CultivoID, QuantidadeFatorProducao, Area) VALUES (224, 13, 15, 120, '');
INSERT INTO AplicacaoFatorProducao(OperacaoID, FatorProducaoID, CultivoID, QuantidadeFatorProducao, Area) VALUES (225, 13, 14, 180, '');
INSERT INTO AplicacaoFatorProducao(OperacaoID, FatorProducaoID, CultivoID, QuantidadeFatorProducao, Area) VALUES (226, 13, 31, 240, '');
INSERT INTO AplicacaoFatorProducao(OperacaoID, FatorProducaoID, CultivoID, QuantidadeFatorProducao, Area) VALUES (227, 13, 15, 120, '');
INSERT INTO AplicacaoFatorProducao(OperacaoID, FatorProducaoID, CultivoID, QuantidadeFatorProducao, Area) VALUES (228, 13, 14, 180, '');
INSERT INTO AplicacaoFatorProducao(OperacaoID, FatorProducaoID, CultivoID, QuantidadeFatorProducao, Area) VALUES (229, 13, 31, 240, '');
INSERT INTO AplicacaoFatorProducao(OperacaoID, FatorProducaoID, CultivoID, QuantidadeFatorProducao, Area) VALUES (238, 7, 3, 500, 1.1);
INSERT INTO AplicacaoFatorProducao(OperacaoID, FatorProducaoID, CultivoID, QuantidadeFatorProducao, Area) VALUES (246, 12, 3, 1800, 0.5);
